{"uuid":"3c0aaff7-fdbc-421f-9475-1e8ae06cfe81","name":"AAP","owner":{"created":"2017-03-15T16:36:46.000+00:00","updated":"2024-04-29T14:23:11.000+00:00","id":"8a85f9815ad3324a015ad3afef11440e","key":"11009103","displayName":"11009103","parentOwner":null,"contentPrefix":null,"defaultServiceLevel":null,"upstreamConsumer":null,"logLevel":null,"autobindDisabled":false,"autobindHypervisorDisabled":null,"contentAccessMode":"org_environment","contentAccessModeList":"entitlement,org_environment","lastRefreshed":"2024-04-29T14:23:11.000+00:00"},"contentAccessMode":"org_environment","type":{"id":"5","label":"sam","manifest":true},"urlWeb":"access.redhat.com/management/subscription_allocations/","urlApi":"https://subscription.rhsm.redhat.com/subscription/consumers/"}