{"created":"2022-06-28T15:46:19.000+00:00","updated":"2022-06-28T15:46:19.000+00:00","id":"8a82c67a81811ffb0181aafdf78d67da","name":"sat-6.11","displayName":"Satellite 6.11","capabilities":[{"id":"8a82c67a81811ffb0181aafdf78d67de","name":"cert_v3"},{"id":"8a82c67a81811ffb0181aafdf78d67db","name":"cores"},{"id":"8a82c67a81811ffb0181aafdf78d67df","name":"ram"},{"id":"8a82c67a81811ffb0181aafdf78d67dc","name":"instance_multiplier"},{"id":"8a82c67a81811ffb0181aafdf78d67dd","name":"derived_product"}]}