{"created":"2023-11-08T14:45:46.000+00:00","updated":"2023-11-08T14:45:46.000+00:00","id":"2c9476948ba9c1b9018baf657ff64ee7","name":"sat-6.14","displayName":"Satellite 6.14","capabilities":[{"id":"2c9476948ba9c1b9018baf657ff64ee9","name":"instance_multiplier"},{"id":"2c9476948ba9c1b9018baf657ff64eea","name":"derived_product"},{"id":"2c9476948ba9c1b9018baf657ff64ee8","name":"cores"},{"id":"2c9476948ba9c1b9018baf657ff64eec","name":"ram"},{"id":"2c9476948ba9c1b9018baf657ff64eeb","name":"cert_v3"}]}