{"created":"2024-02-02T14:35:10.000+00:00","updated":"2024-02-02T14:35:10.000+00:00","uuid":"2c94e0008d5c548e018d6a3eb27a6860","multiplier":1,"id":"183","name":"JBoss Enterprise Application Platform","attributes":[{"name":"name","value":"JBoss Enterprise Application Platform"},{"name":"arch","value":"ppc64,x86,x86_64"},{"name":"type","value":"SVC"}],"derivedProduct":null,"providedProducts":[],"productContent":[{"content":{"created":"2024-02-02T14:35:10.000+00:00","updated":"2024-02-02T14:35:10.000+00:00","id":"12399","type":"yum","label":"jb-eap-8.0-for-rhel-8-x86_64-rpms","name":"JBoss Enterprise Application Platform 8.0 (RHEL 8 x86_64) (RPMs)","vendor":"Red Hat","contentUrl":"/content/dist/layered/rhel8/x86_64/jbeap/8.0/os","requiredTags":"rhel-8-x86_64","gpgUrl":"file:///etc/pki/rpm-gpg/RPM-GPG-KEY-redhat-release","arches":"x86_64","uuid":"2c94e0008d5c548e018d6a3eb279685a","metadataExpiration":86400,"releaseVersion":null,"modifiedProductIds":[]},"enabled":false},{"content":{"created":"2023-02-22T17:10:39.000+00:00","updated":"2023-02-22T17:10:39.000+00:00","id":"6106","type":"yum","label":"jb-eap-7.1-for-rhel-7-server-beta-rpms","name":"JBoss Enterprise Application Platform 7.1 Beta (RHEL 7 Server) (RPMs)","vendor":"Red Hat","contentUrl":"/content/beta/rhel/server/7/$basearch/jbeap/7.1/os","requiredTags":"rhel-7-server","gpgUrl":"file:///etc/pki/rpm-gpg/RPM-GPG-KEY-redhat-beta","arches":"x86_64","uuid":"2c94e010867a0eae01867a1b0ecd0d0e","metadataExpiration":86400,"releaseVersion":null,"modifiedProductIds":[]},"enabled":false},{"content":{"created":"2023-02-22T17:10:39.000+00:00","updated":"2023-02-22T17:10:39.000+00:00","id":"6105","type":"yum","label":"jb-eap-7.1-for-rhel-6-server-beta-debug-rpms","name":"JBoss Enterprise Application Platform 7.1 Beta (RHEL 6 Server) (Debug RPMs)","vendor":"Red Hat","contentUrl":"/content/beta/rhel/server/6/6Server/$basearch/jbeap/7.1/debug","requiredTags":"rhel-6-server","gpgUrl":"file:///etc/pki/rpm-gpg/RPM-GPG-KEY-redhat-beta","arches":"x86,x86_64","uuid":"2c94e010867a0eae01867a1b0ecd0d0f","metadataExpiration":86400,"releaseVersion":null,"modifiedProductIds":[]},"enabled":false},{"content":{"created":"2023-02-22T17:10:39.000+00:00","updated":"2023-02-22T17:10:39.000+00:00","id":"6108","type":"yum","label":"jb-eap-7.1-for-rhel-7-server-beta-debug-rpms","name":"JBoss Enterprise Application Platform 7.1 Beta (RHEL 7 Server) (Debug RPMs)","vendor":"Red Hat","contentUrl":"/content/beta/rhel/server/7/$basearch/jbeap/7.1/debug","requiredTags":"rhel-7-server","gpgUrl":"file:///etc/pki/rpm-gpg/RPM-GPG-KEY-redhat-beta","arches":"x86_64","uuid":"2c94e010867a0eae01867a1b0ecd0d10","metadataExpiration":86400,"releaseVersion":null,"modifiedProductIds":[]},"enabled":false},{"content":{"created":"2023-02-22T17:10:39.000+00:00","updated":"2023-02-22T17:10:39.000+00:00","id":"6107","type":"yum","label":"jb-eap-7.1-for-rhel-7-server-beta-source-rpms","name":"JBoss Enterprise Application Platform 7.1 Beta (RHEL 7 Server) (Source RPMs)","vendor":"Red Hat","contentUrl":"/content/beta/rhel/server/7/$basearch/jbeap/7.1/source/SRPMS","requiredTags":"rhel-7-server","gpgUrl":"file:///etc/pki/rpm-gpg/RPM-GPG-KEY-redhat-beta","arches":"x86_64","uuid":"2c94e010867a0eae01867a1b0ecd0d11","metadataExpiration":86400,"releaseVersion":null,"modifiedProductIds":[]},"enabled":false},{"content":{"created":"2023-02-22T17:10:39.000+00:00","updated":"2023-02-22T17:10:39.000+00:00","id":"6109","type":"yum","label":"jb-eap-textonly-1-for-middleware-rpms","name":"Red Hat JBoss Enterprise Application Platform Text-Only Advisories","vendor":"Red Hat","contentUrl":"/content/dist/middleware/jbeap/1.0/$basearch/os","requiredTags":null,"gpgUrl":"file://","arches":"x86_64","uuid":"2c94e010867a0eae01867a1b0ecd0d12","metadataExpiration":86400,"releaseVersion":null,"modifiedProductIds":[]},"enabled":false},{"content":{"created":"2023-02-22T17:10:39.000+00:00","updated":"2023-02-22T17:10:39.000+00:00","id":"3650","type":"yum","label":"jb-eap-6-for-rhel-7-server-rpms","name":"JBoss Enterprise Application Platform 6 (RHEL 7 Server) (RPMs)","vendor":"Red Hat","contentUrl":"/content/dist/rhel/server/7/$releasever/$basearch/jbeap/6/os","requiredTags":"rhel-7-server","gpgUrl":"file:///etc/pki/rpm-gpg/RPM-GPG-KEY-redhat-release","arches":"x86_64","uuid":"2c94e010867a0eae01867a1b0ecd0d13","metadataExpiration":86400,"releaseVersion":null,"modifiedProductIds":[]},"enabled":false},{"content":{"created":"2023-02-22T17:10:39.000+00:00","updated":"2023-02-22T17:10:39.000+00:00","id":"3651","type":"yum","label":"jb-eap-6-for-rhel-7-server-source-rpms","name":"JBoss Enterprise Application Platform 6 (RHEL 7 Server) (Source RPMs)","vendor":"Red Hat","contentUrl":"/content/dist/rhel/server/7/$releasever/$basearch/jbeap/6/source/SRPMS","requiredTags":"rhel-7-server","gpgUrl":"file:///etc/pki/rpm-gpg/RPM-GPG-KEY-redhat-release","arches":"x86_64","uuid":"2c94e010867a0eae01867a1b0ecd0d14","metadataExpiration":86400,"releaseVersion":null,"modifiedProductIds":[]},"enabled":false},{"content":{"created":"2023-02-22T17:10:39.000+00:00","updated":"2023-02-22T17:10:39.000+00:00","id":"3883","type":"yum","label":"jb-eap-6-for-rhel-5-server-rpms","name":"JBoss Enterprise Application Platform 6 (RHEL 5 Server) (RPMs)","vendor":"Red Hat","contentUrl":"/content/dist/rhel/server/5/$releasever/$basearch/jbeap/6/os","requiredTags":"rhel-5-server","gpgUrl":"file:///etc/pki/rpm-gpg/RPM-GPG-KEY-redhat-release","arches":"x86,x86_64","uuid":"2c94e010867a0eae01867a1b0ecd0d15","metadataExpiration":86400,"releaseVersion":null,"modifiedProductIds":[]},"enabled":false},{"content":{"created":"2023-02-22T17:10:39.000+00:00","updated":"2023-02-22T17:10:39.000+00:00","id":"3884","type":"yum","label":"jb-eap-6-for-rhel-5-server-source-rpms","name":"JBoss Enterprise Application Platform 6 (RHEL 5 Server) (Source RPMs)","vendor":"Red Hat","contentUrl":"/content/dist/rhel/server/5/$releasever/$basearch/jbeap/6/source/SRPMS","requiredTags":"rhel-5-server","gpgUrl":"file:///etc/pki/rpm-gpg/RPM-GPG-KEY-redhat-release","arches":"x86,x86_64","uuid":"2c94e010867a0eae01867a1b0ecd0d16","metadataExpiration":86400,"releaseVersion":null,"modifiedProductIds":[]},"enabled":false},{"content":{"created":"2023-02-22T17:10:39.000+00:00","updated":"2023-02-22T17:10:39.000+00:00","id":"3885","type":"yum","label":"jb-eap-6-for-rhel-5-server-debug-rpms","name":"JBoss Enterprise Application Platform 6 (RHEL 5 Server) (Debug RPMs)","vendor":"Red Hat","contentUrl":"/content/dist/rhel/server/5/$releasever/$basearch/jbeap/6/debug","requiredTags":"rhel-5-server","gpgUrl":"file:///etc/pki/rpm-gpg/RPM-GPG-KEY-redhat-release","arches":"x86,x86_64","uuid":"2c94e010867a0eae01867a1b0ecd0d17","metadataExpiration":86400,"releaseVersion":null,"modifiedProductIds":[]},"enabled":false},{"content":{"created":"2023-02-22T17:10:39.000+00:00","updated":"2023-02-22T17:10:39.000+00:00","id":"4470","type":"yum","label":"jb-eap-7-for-rhel-6-server-debug-rpms","name":"JBoss Enterprise Application Platform 7 (RHEL 6 Server) (Debug RPMs)","vendor":"Red Hat","contentUrl":"/content/dist/rhel/server/6/$releasever/$basearch/jbeap/7/debug","requiredTags":"rhel-6-server","gpgUrl":"file:///etc/pki/rpm-gpg/RPM-GPG-KEY-redhat-release","arches":"x86,x86_64","uuid":"2c94e010867a0eae01867a1b0ecd0d18","metadataExpiration":86400,"releaseVersion":null,"modifiedProductIds":[]},"enabled":false},{"content":{"created":"2023-02-22T17:10:39.000+00:00","updated":"2023-02-22T17:10:39.000+00:00","id":"4474","type":"yum","label":"jb-eap-7-for-rhel-7-server-rpms","name":"JBoss Enterprise Application Platform 7 (RHEL 7 Server) (RPMs)","vendor":"Red Hat","contentUrl":"/content/dist/rhel/server/7/$releasever/$basearch/jbeap/7/os","requiredTags":"rhel-7-server","gpgUrl":"file:///etc/pki/rpm-gpg/RPM-GPG-KEY-redhat-release","arches":"x86_64","uuid":"2c94e010867a0eae01867a1b0ecd0d19","metadataExpiration":86400,"releaseVersion":null,"modifiedProductIds":[]},"enabled":false},{"content":{"created":"2023-02-22T17:10:39.000+00:00","updated":"2023-02-22T17:10:39.000+00:00","id":"4475","type":"yum","label":"jb-eap-7-for-rhel-7-server-source-rpms","name":"JBoss Enterprise Application Platform 7 (RHEL 7 Server) (Source RPMs)","vendor":"Red Hat","contentUrl":"/content/dist/rhel/server/7/$releasever/$basearch/jbeap/7/source/SRPMS","requiredTags":"rhel-7-server","gpgUrl":"file:///etc/pki/rpm-gpg/RPM-GPG-KEY-redhat-release","arches":"x86_64","uuid":"2c94e010867a0eae01867a1b0ecd0d1a","metadataExpiration":86400,"releaseVersion":null,"modifiedProductIds":[]},"enabled":false},{"content":{"created":"2023-02-22T17:10:39.000+00:00","updated":"2023-02-22T17:10:39.000+00:00","id":"4476","type":"yum","label":"jb-eap-7-for-rhel-7-server-debug-rpms","name":"JBoss Enterprise Application Platform 7 (RHEL 7 Server) (Debug RPMs)","vendor":"Red Hat","contentUrl":"/content/dist/rhel/server/7/$releasever/$basearch/jbeap/7/debug","requiredTags":"rhel-7-server","gpgUrl":"file:///etc/pki/rpm-gpg/RPM-GPG-KEY-redhat-release","arches":"x86_64","uuid":"2c94e010867a0eae01867a1b0ecd0d1b","metadataExpiration":86400,"releaseVersion":null,"modifiedProductIds":[]},"enabled":false},{"content":{"created":"2023-02-22T17:10:39.000+00:00","updated":"2023-02-22T17:10:39.000+00:00","id":"11966","type":"yum","label":"jb-eap-7.4-for-rhel-9-x86_64-debug-rpms","name":"JBoss Enterprise Application Platform 7.4 (RHEL 9) (Debug RPMs)","vendor":"Red Hat","contentUrl":"/content/dist/layered/rhel9/x86_64/jbeap/7.4/debug","requiredTags":"rhel-9-x86_64","gpgUrl":"file:///etc/pki/rpm-gpg/RPM-GPG-KEY-redhat-release","arches":null,"uuid":"2c94e010867a0eae01867a1b0ecd0d1c","metadataExpiration":86400,"releaseVersion":null,"modifiedProductIds":[]},"enabled":false},{"content":{"created":"2023-02-22T17:10:39.000+00:00","updated":"2023-02-22T17:10:39.000+00:00","id":"11965","type":"yum","label":"jb-eap-7.4-for-rhel-9-x86_64-source-rpms","name":"JBoss Enterprise Application Platform 7.4 (RHEL 9) (Source RPMs)","vendor":"Red Hat","contentUrl":"/content/dist/layered/rhel9/x86_64/jbeap/7.4/source/SRPMS","requiredTags":"rhel-9-x86_64","gpgUrl":"file:///etc/pki/rpm-gpg/RPM-GPG-KEY-redhat-release","arches":null,"uuid":"2c94e010867a0eae01867a1b0ecd0d1d","metadataExpiration":86400,"releaseVersion":null,"modifiedProductIds":[]},"enabled":false},{"content":{"created":"2023-02-22T17:10:39.000+00:00","updated":"2023-02-22T17:10:39.000+00:00","id":"3652","type":"yum","label":"jb-eap-6-for-rhel-7-server-debug-rpms","name":"JBoss Enterprise Application Platform 6 (RHEL 7 Server) (Debug RPMs)","vendor":"Red Hat","contentUrl":"/content/dist/rhel/server/7/$releasever/$basearch/jbeap/6/debug","requiredTags":"rhel-7-server","gpgUrl":"file:///etc/pki/rpm-gpg/RPM-GPG-KEY-redhat-release","arches":"x86_64","uuid":"2c94e010867a0eae01867a1b0ecd0d1e","metadataExpiration":86400,"releaseVersion":null,"modifiedProductIds":[]},"enabled":false},{"content":{"created":"2023-02-22T17:10:39.000+00:00","updated":"2023-02-22T17:10:39.000+00:00","id":"4468","type":"yum","label":"jb-eap-7-for-rhel-6-server-rpms","name":"JBoss Enterprise Application Platform 7 (RHEL 6 Server) (RPMs)","vendor":"Red Hat","contentUrl":"/content/dist/rhel/server/6/$releasever/$basearch/jbeap/7/os","requiredTags":"rhel-6-server","gpgUrl":"file:///etc/pki/rpm-gpg/RPM-GPG-KEY-redhat-release","arches":"x86,x86_64","uuid":"2c94e010867a0eae01867a1b0ecd0d1f","metadataExpiration":86400,"releaseVersion":null,"modifiedProductIds":[]},"enabled":false},{"content":{"created":"2023-02-22T17:10:39.000+00:00","updated":"2023-02-22T17:10:39.000+00:00","id":"4469","type":"yum","label":"jb-eap-7-for-rhel-6-server-source-rpms","name":"JBoss Enterprise Application Platform 7 (RHEL 6 Server) (Source RPMs)","vendor":"Red Hat","contentUrl":"/content/dist/rhel/server/6/$releasever/$basearch/jbeap/7/source/SRPMS","requiredTags":"rhel-6-server","gpgUrl":"file:///etc/pki/rpm-gpg/RPM-GPG-KEY-redhat-release","arches":"x86,x86_64","uuid":"2c94e010867a0eae01867a1b0ecd0d20","metadataExpiration":86400,"releaseVersion":null,"modifiedProductIds":[]},"enabled":false},{"content":{"created":"2023-02-22T17:10:39.000+00:00","updated":"2023-02-22T17:10:39.000+00:00","id":"11964","type":"yum","label":"jb-eap-7.4-for-rhel-9-x86_64-rpms","name":"JBoss Enterprise Application Platform 7.4 (RHEL 9) (RPMs)","vendor":"Red Hat","contentUrl":"/content/dist/layered/rhel9/x86_64/jbeap/7.4/os","requiredTags":"rhel-9-x86_64","gpgUrl":"file:///etc/pki/rpm-gpg/RPM-GPG-KEY-redhat-release","arches":null,"uuid":"2c94e010867a0eae01867a1b0ecd0d21","metadataExpiration":86400,"releaseVersion":null,"modifiedProductIds":[]},"enabled":false},{"content":{"created":"2023-02-22T17:10:39.000+00:00","updated":"2023-02-22T17:10:39.000+00:00","id":"4480","type":"yum","label":"jb-eap-7.0-for-rhel-6-server-rpms","name":"JBoss Enterprise Application Platform 7.0 (RHEL 6 Server) (RPMs)","vendor":"Red Hat","contentUrl":"/content/dist/rhel/server/6/$releasever/$basearch/jbeap/7.0/os","requiredTags":"rhel-6-server","gpgUrl":"file:///etc/pki/rpm-gpg/RPM-GPG-KEY-redhat-release","arches":"x86,x86_64","uuid":"2c94e010867a0eae01867a1b0ecd0d22","metadataExpiration":86400,"releaseVersion":null,"modifiedProductIds":[]},"enabled":false},{"content":{"created":"2023-02-22T17:10:39.000+00:00","updated":"2023-02-22T17:10:39.000+00:00","id":"4481","type":"yum","label":"jb-eap-7.0-for-rhel-6-server-source-rpms","name":"JBoss Enterprise Application Platform 7.0 (RHEL 6 Server) (Source RPMs)","vendor":"Red Hat","contentUrl":"/content/dist/rhel/server/6/$releasever/$basearch/jbeap/7.0/source/SRPMS","requiredTags":"rhel-6-server","gpgUrl":"file:///etc/pki/rpm-gpg/RPM-GPG-KEY-redhat-release","arches":"x86,x86_64","uuid":"2c94e010867a0eae01867a1b0ecd0d23","metadataExpiration":86400,"releaseVersion":null,"modifiedProductIds":[]},"enabled":false},{"content":{"created":"2023-02-22T17:10:39.000+00:00","updated":"2023-02-22T17:10:39.000+00:00","id":"4482","type":"yum","label":"jb-eap-7.0-for-rhel-6-server-debug-rpms","name":"JBoss Enterprise Application Platform 7.0 (RHEL 6 Server) (Debug RPMs)","vendor":"Red Hat","contentUrl":"/content/dist/rhel/server/6/$releasever/$basearch/jbeap/7.0/debug","requiredTags":"rhel-6-server","gpgUrl":"file:///etc/pki/rpm-gpg/RPM-GPG-KEY-redhat-release","arches":"x86,x86_64","uuid":"2c94e010867a0eae01867a1b0ecd0d24","metadataExpiration":86400,"releaseVersion":null,"modifiedProductIds":[]},"enabled":false},{"content":{"created":"2023-02-22T17:10:39.000+00:00","updated":"2023-02-22T17:10:39.000+00:00","id":"7630","type":"containerimage","label":"rhel-7-server-jb-eap-7.0-multiarch-containers","name":"JBoss Enterprise Application Platform 7.0 (Containers) for multiarch","vendor":"Red Hat","contentUrl":"/content/dist/rhel/server/7/7Server/multiarch/jbeap/7.0/containers","requiredTags":"rhel-7-server","gpgUrl":"file:///etc/pki/rpm-gpg/RPM-GPG-KEY-redhat-release","arches":"x86_64","uuid":"2c94e010867a0eae01867a1b0ecd0d25","metadataExpiration":86400,"releaseVersion":null,"modifiedProductIds":[]},"enabled":false},{"content":{"created":"2023-02-22T17:10:39.000+00:00","updated":"2023-02-22T17:10:39.000+00:00","id":"4486","type":"yum","label":"jb-eap-7.0-for-rhel-7-server-rpms","name":"JBoss Enterprise Application Platform 7.0 (RHEL 7 Server) (RPMs)","vendor":"Red Hat","contentUrl":"/content/dist/rhel/server/7/$releasever/$basearch/jbeap/7.0/os","requiredTags":"rhel-7-server","gpgUrl":"file:///etc/pki/rpm-gpg/RPM-GPG-KEY-redhat-release","arches":"x86_64","uuid":"2c94e010867a0eae01867a1b0ecd0d26","metadataExpiration":86400,"releaseVersion":null,"modifiedProductIds":[]},"enabled":false},{"content":{"created":"2023-02-22T17:10:39.000+00:00","updated":"2023-02-22T17:10:39.000+00:00","id":"4487","type":"yum","label":"jb-eap-7.0-for-rhel-7-server-source-rpms","name":"JBoss Enterprise Application Platform 7.0 (RHEL 7 Server) (Source RPMs)","vendor":"Red Hat","contentUrl":"/content/dist/rhel/server/7/$releasever/$basearch/jbeap/7.0/source/SRPMS","requiredTags":"rhel-7-server","gpgUrl":"file:///etc/pki/rpm-gpg/RPM-GPG-KEY-redhat-release","arches":"x86_64","uuid":"2c94e010867a0eae01867a1b0ecd0d27","metadataExpiration":86400,"releaseVersion":null,"modifiedProductIds":[]},"enabled":false},{"content":{"created":"2023-02-22T17:10:39.000+00:00","updated":"2023-02-22T17:10:39.000+00:00","id":"3552","type":"yum","label":"jb-eap-6-for-rhel-7-for-power-debug-rpms","name":"JBoss Enterprise Application Platform 6 (RHEL 7 for IBM Power) (Debug RPMs)","vendor":"Red Hat","contentUrl":"/content/dist/rhel/power/7/$releasever/$basearch/jbeap/6/debug","requiredTags":"rhel-7-ibm-power","gpgUrl":"file:///etc/pki/rpm-gpg/RPM-GPG-KEY-redhat-release","arches":"ppc64","uuid":"2c94e010867a0eae01867a1b0ecd0d28","metadataExpiration":86400,"releaseVersion":null,"modifiedProductIds":[]},"enabled":false},{"content":{"created":"2023-02-22T17:10:39.000+00:00","updated":"2023-02-22T17:10:39.000+00:00","id":"3551","type":"yum","label":"jb-eap-6-for-rhel-7-for-power-source-rpms","name":"JBoss Enterprise Application Platform 6 (RHEL 7 for IBM Power) (Source RPMs)","vendor":"Red Hat","contentUrl":"/content/dist/rhel/power/7/$releasever/$basearch/jbeap/6/source/SRPMS","requiredTags":"rhel-7-ibm-power","gpgUrl":"file:///etc/pki/rpm-gpg/RPM-GPG-KEY-redhat-release","arches":"ppc64","uuid":"2c94e010867a0eae01867a1b0ecd0d29","metadataExpiration":86400,"releaseVersion":null,"modifiedProductIds":[]},"enabled":false},{"content":{"created":"2023-02-22T17:10:39.000+00:00","updated":"2023-02-22T17:10:39.000+00:00","id":"3550","type":"yum","label":"jb-eap-6-for-rhel-7-for-power-rpms","name":"JBoss Enterprise Application Platform 6 (RHEL 7 for IBM Power) (RPMs)","vendor":"Red Hat","contentUrl":"/content/dist/rhel/power/7/$releasever/$basearch/jbeap/6/os","requiredTags":"rhel-7-ibm-power","gpgUrl":"file:///etc/pki/rpm-gpg/RPM-GPG-KEY-redhat-release","arches":"ppc64","uuid":"2c94e010867a0eae01867a1b0ecd0d2a","metadataExpiration":86400,"releaseVersion":null,"modifiedProductIds":[]},"enabled":false},{"content":{"created":"2023-02-22T17:10:39.000+00:00","updated":"2023-02-22T17:10:39.000+00:00","id":"3549","type":"yum","label":"jb-eap-6-for-rhel-6-for-power-source-rpms","name":"JBoss Enterprise Application Platform 6 (RHEL 6 for IBM Power) (Source RPMs)","vendor":"Red Hat","contentUrl":"/content/dist/rhel/power/6/$releasever/$basearch/jbeap/6/source/SRPMS","requiredTags":"rhel-6-ibm-power","gpgUrl":"file:///etc/pki/rpm-gpg/RPM-GPG-KEY-redhat-release","arches":"ppc64","uuid":"2c94e010867a0eae01867a1b0ecd0d2b","metadataExpiration":86400,"releaseVersion":null,"modifiedProductIds":[]},"enabled":false},{"content":{"created":"2023-02-22T17:10:39.000+00:00","updated":"2023-02-22T17:10:39.000+00:00","id":"7907","type":"yum","label":"jb-eap-7.3-for-rhel-7-server-source-rpms","name":"JBoss Enterprise Application Platform 7.3 (RHEL 7 Server) (Source RPMs)","vendor":"Red Hat","contentUrl":"/content/dist/rhel/server/7/7Server/$basearch/jbeap/7.3/source/SRPMS","requiredTags":"rhel-7-server","gpgUrl":"file:///etc/pki/rpm-gpg/RPM-GPG-KEY-redhat-release","arches":"x86_64","uuid":"2c94e010867a0eae01867a1b0ecd0d2c","metadataExpiration":86400,"releaseVersion":null,"modifiedProductIds":[]},"enabled":false},{"content":{"created":"2023-02-22T17:10:39.000+00:00","updated":"2023-02-22T17:10:39.000+00:00","id":"1525","type":"yum","label":"jb-eap-4.3-for-rhel-5-server-source-rpms","name":"JBoss Enterprise Application Platform 4.3 (RHEL 5 Server) (Source RPMs)","vendor":"Red Hat","contentUrl":"/content/dist/rhel/server/5/$releasever/$basearch/jbeap/4.3.0/source/SRPMS","requiredTags":"rhel-5-server","gpgUrl":"file:///etc/pki/rpm-gpg/RPM-GPG-KEY-redhat-release","arches":"x86,x86_64","uuid":"2c94e010867a0eae01867a1b0ece0d2d","metadataExpiration":86400,"releaseVersion":null,"modifiedProductIds":[]},"enabled":false},{"content":{"created":"2023-02-22T17:10:39.000+00:00","updated":"2023-02-22T17:10:39.000+00:00","id":"7906","type":"yum","label":"jb-eap-7.3-for-rhel-7-server-rpms","name":"JBoss Enterprise Application Platform 7.3 (RHEL 7 Server) (RPMs)","vendor":"Red Hat","contentUrl":"/content/dist/rhel/server/7/7Server/$basearch/jbeap/7.3/os","requiredTags":"rhel-7-server","gpgUrl":"file:///etc/pki/rpm-gpg/RPM-GPG-KEY-redhat-release","arches":"x86_64","uuid":"2c94e010867a0eae01867a1b0ece0d2e","metadataExpiration":86400,"releaseVersion":null,"modifiedProductIds":[]},"enabled":false},{"content":{"created":"2023-02-22T17:10:39.000+00:00","updated":"2023-02-22T17:10:39.000+00:00","id":"3548","type":"yum","label":"jb-eap-6-for-rhel-6-for-power-rpms","name":"JBoss Enterprise Application Platform 6 (RHEL 6 for IBM Power) (RPMs)","vendor":"Red Hat","contentUrl":"/content/dist/rhel/power/6/$releasever/$basearch/jbeap/6/os","requiredTags":"rhel-6-ibm-power","gpgUrl":"file:///etc/pki/rpm-gpg/RPM-GPG-KEY-redhat-release","arches":"ppc64","uuid":"2c94e010867a0eae01867a1b0ece0d2f","metadataExpiration":86400,"releaseVersion":null,"modifiedProductIds":[]},"enabled":false},{"content":{"created":"2023-02-22T17:10:39.000+00:00","updated":"2023-02-22T17:10:39.000+00:00","id":"1524","type":"yum","label":"jb-eap-4.3-for-rhel-5-server-rpms","name":"JBoss Enterprise Application Platform 4.3 (RHEL 5 Server) (RPMs)","vendor":"Red Hat","contentUrl":"/content/dist/rhel/server/5/$releasever/$basearch/jbeap/4.3.0/os","requiredTags":"rhel-5-server","gpgUrl":"file:///etc/pki/rpm-gpg/RPM-GPG-KEY-redhat-release","arches":"x86,x86_64","uuid":"2c94e010867a0eae01867a1b0ece0d30","metadataExpiration":86400,"releaseVersion":null,"modifiedProductIds":[]},"enabled":false},{"content":{"created":"2023-02-22T17:10:39.000+00:00","updated":"2023-02-22T17:10:39.000+00:00","id":"7908","type":"yum","label":"jb-eap-7.3-for-rhel-7-server-debug-rpms","name":"JBoss Enterprise Application Platform 7.3 (RHEL 7 Server) (Debug RPMs)","vendor":"Red Hat","contentUrl":"/content/dist/rhel/server/7/7Server/$basearch/jbeap/7.3/debug","requiredTags":"rhel-7-server","gpgUrl":"file:///etc/pki/rpm-gpg/RPM-GPG-KEY-redhat-release","arches":"x86_64","uuid":"2c94e010867a0eae01867a1b0ece0d31","metadataExpiration":86400,"releaseVersion":null,"modifiedProductIds":[]},"enabled":false},{"content":{"created":"2023-02-22T17:10:39.000+00:00","updated":"2023-02-22T17:10:39.000+00:00","id":"7903","type":"yum","label":"jb-eap-7.3-for-rhel-6-server-rpms","name":"JBoss Enterprise Application Platform 7.3 (RHEL 6 Server) (RPMs)","vendor":"Red Hat","contentUrl":"/content/dist/rhel/server/6/6Server/$basearch/jbeap/7.3/os","requiredTags":"rhel-6-server","gpgUrl":"file:///etc/pki/rpm-gpg/RPM-GPG-KEY-redhat-release","arches":"x86_64","uuid":"2c94e010867a0eae01867a1b0ece0d32","metadataExpiration":86400,"releaseVersion":null,"modifiedProductIds":[]},"enabled":false},{"content":{"created":"2023-02-22T17:10:39.000+00:00","updated":"2023-02-22T17:10:39.000+00:00","id":"1529","type":"yum","label":"jb-eap-5-for-rhel-6-server-source-rpms","name":"JBoss Enterprise Application Platform 5 (RHEL 6 Server) (Source RPMs)","vendor":"Red Hat","contentUrl":"/content/dist/rhel/server/6/$releasever/$basearch/jbeap/5/source/SRPMS","requiredTags":"rhel-6-server","gpgUrl":"file:///etc/pki/rpm-gpg/RPM-GPG-KEY-redhat-release","arches":"x86,x86_64","uuid":"2c94e010867a0eae01867a1b0ece0d33","metadataExpiration":86400,"releaseVersion":null,"modifiedProductIds":[]},"enabled":false},{"content":{"created":"2023-02-22T17:10:39.000+00:00","updated":"2023-02-22T17:10:39.000+00:00","id":"1528","type":"yum","label":"jb-eap-5-for-rhel-6-server-rpms","name":"JBoss Enterprise Application Platform 5 (RHEL 6 Server) (RPMs)","vendor":"Red Hat","contentUrl":"/content/dist/rhel/server/6/$releasever/$basearch/jbeap/5/os","requiredTags":"rhel-6-server","gpgUrl":"file:///etc/pki/rpm-gpg/RPM-GPG-KEY-redhat-release","arches":"x86,x86_64","uuid":"2c94e010867a0eae01867a1b0ece0d34","metadataExpiration":86400,"releaseVersion":null,"modifiedProductIds":[]},"enabled":false},{"content":{"created":"2023-02-22T17:10:39.000+00:00","updated":"2023-02-22T17:10:39.000+00:00","id":"7905","type":"yum","label":"jb-eap-7.3-for-rhel-6-server-debug-rpms","name":"JBoss Enterprise Application Platform 7.3 (RHEL 6 Server) (Debug RPMs)","vendor":"Red Hat","contentUrl":"/content/dist/rhel/server/6/6Server/$basearch/jbeap/7.3/debug","requiredTags":"rhel-6-server","gpgUrl":"file:///etc/pki/rpm-gpg/RPM-GPG-KEY-redhat-release","arches":"x86_64","uuid":"2c94e010867a0eae01867a1b0ece0d35","metadataExpiration":86400,"releaseVersion":null,"modifiedProductIds":[]},"enabled":false},{"content":{"created":"2023-02-22T17:10:39.000+00:00","updated":"2023-02-22T17:10:39.000+00:00","id":"1527","type":"yum","label":"jb-eap-5-for-rhel-5-server-source-rpms","name":"JBoss Enterprise Application Platform 5 (RHEL 5 Server) (Source RPMs)","vendor":"Red Hat","contentUrl":"/content/dist/rhel/server/5/$releasever/$basearch/jbeap/5/source/SRPMS","requiredTags":"rhel-5-server","gpgUrl":"file:///etc/pki/rpm-gpg/RPM-GPG-KEY-redhat-release","arches":"x86,x86_64","uuid":"2c94e010867a0eae01867a1b0ece0d36","metadataExpiration":86400,"releaseVersion":null,"modifiedProductIds":[]},"enabled":false},{"content":{"created":"2023-02-22T17:10:39.000+00:00","updated":"2023-02-22T17:10:39.000+00:00","id":"7904","type":"yum","label":"jb-eap-7.3-for-rhel-6-server-source-rpms","name":"JBoss Enterprise Application Platform 7.3 (RHEL 6 Server) (Source RPMs)","vendor":"Red Hat","contentUrl":"/content/dist/rhel/server/6/6Server/$basearch/jbeap/7.3/source/SRPMS","requiredTags":"rhel-6-server","gpgUrl":"file:///etc/pki/rpm-gpg/RPM-GPG-KEY-redhat-release","arches":"x86_64","uuid":"2c94e010867a0eae01867a1b0ece0d37","metadataExpiration":86400,"releaseVersion":null,"modifiedProductIds":[]},"enabled":false},{"content":{"created":"2023-02-22T17:10:39.000+00:00","updated":"2023-02-22T17:10:39.000+00:00","id":"1526","type":"yum","label":"jb-eap-5-for-rhel-5-server-rpms","name":"JBoss Enterprise Application Platform 5 (RHEL 5 Server) (RPMs)","vendor":"Red Hat","contentUrl":"/content/dist/rhel/server/5/$releasever/$basearch/jbeap/5/os","requiredTags":"rhel-5-server","gpgUrl":"file:///etc/pki/rpm-gpg/RPM-GPG-KEY-redhat-release","arches":"x86,x86_64","uuid":"2c94e010867a0eae01867a1b0ece0d38","metadataExpiration":86400,"releaseVersion":null,"modifiedProductIds":[]},"enabled":false},{"content":{"created":"2023-02-22T17:10:39.000+00:00","updated":"2023-02-22T17:10:39.000+00:00","id":"9542","type":"yum","label":"jb-eap-7.4-for-rhel-8-x86_64-rpms","name":"JBoss Enterprise Application Platform 7.4 (RHEL 8) (RPMs)","vendor":"Red Hat","contentUrl":"/content/dist/layered/rhel8/x86_64/jbeap/7.4/os","requiredTags":"rhel-8-x86_64","gpgUrl":"file:///etc/pki/rpm-gpg/RPM-GPG-KEY-redhat-release","arches":null,"uuid":"2c94e010867a0eae01867a1b0ece0d39","metadataExpiration":86400,"releaseVersion":null,"modifiedProductIds":[]},"enabled":false},{"content":{"created":"2023-02-22T17:10:39.000+00:00","updated":"2023-02-22T17:10:39.000+00:00","id":"9543","type":"yum","label":"jb-eap-7.4-for-rhel-8-x86_64-source-rpms","name":"JBoss Enterprise Application Platform 7.4 (RHEL 8) (Source RPMs)","vendor":"Red Hat","contentUrl":"/content/dist/layered/rhel8/x86_64/jbeap/7.4/source/SRPMS","requiredTags":"rhel-8-x86_64","gpgUrl":"file:///etc/pki/rpm-gpg/RPM-GPG-KEY-redhat-release","arches":null,"uuid":"2c94e010867a0eae01867a1b0ece0d3a","metadataExpiration":86400,"releaseVersion":null,"modifiedProductIds":[]},"enabled":false},{"content":{"created":"2023-02-22T17:10:39.000+00:00","updated":"2023-02-22T17:10:39.000+00:00","id":"9540","type":"yum","label":"jb-eap-7.4-for-rhel-7-server-source-rpms","name":"JBoss Enterprise Application Platform 7.4 (RHEL 7 Server) (Source RPMs)","vendor":"Red Hat","contentUrl":"/content/dist/rhel/server/7/7Server/$basearch/jbeap/7.4/source/SRPMS","requiredTags":"rhel-7-server","gpgUrl":"file:///etc/pki/rpm-gpg/RPM-GPG-KEY-redhat-release","arches":"x86_64","uuid":"2c94e010867a0eae01867a1b0ece0d3b","metadataExpiration":86400,"releaseVersion":null,"modifiedProductIds":[]},"enabled":false},{"content":{"created":"2023-02-22T17:10:39.000+00:00","updated":"2023-02-22T17:10:39.000+00:00","id":"9541","type":"yum","label":"jb-eap-7.4-for-rhel-7-server-debug-rpms","name":"JBoss Enterprise Application Platform 7.4 (RHEL 7 Server) (Debug RPMs)","vendor":"Red Hat","contentUrl":"/content/dist/rhel/server/7/7Server/$basearch/jbeap/7.4/debug","requiredTags":"rhel-7-server","gpgUrl":"file:///etc/pki/rpm-gpg/RPM-GPG-KEY-redhat-release","arches":"x86_64","uuid":"2c94e010867a0eae01867a1b0ece0d3c","metadataExpiration":86400,"releaseVersion":null,"modifiedProductIds":[]},"enabled":false},{"content":{"created":"2023-02-22T17:10:39.000+00:00","updated":"2023-02-22T17:10:39.000+00:00","id":"9544","type":"yum","label":"jb-eap-7.4-for-rhel-8-x86_64-debug-rpms","name":"JBoss Enterprise Application Platform 7.4 (RHEL 8) (Debug RPMs)","vendor":"Red Hat","contentUrl":"/content/dist/layered/rhel8/x86_64/jbeap/7.4/debug","requiredTags":"rhel-8-x86_64","gpgUrl":"file:///etc/pki/rpm-gpg/RPM-GPG-KEY-redhat-release","arches":null,"uuid":"2c94e010867a0eae01867a1b0ece0d3d","metadataExpiration":86400,"releaseVersion":null,"modifiedProductIds":[]},"enabled":false},{"content":{"created":"2023-02-22T17:10:39.000+00:00","updated":"2023-02-22T17:10:39.000+00:00","id":"9539","type":"yum","label":"jb-eap-7.4-for-rhel-7-server-rpms","name":"JBoss Enterprise Application Platform 7.4 (RHEL 7 Server) (RPMs)","vendor":"Red Hat","contentUrl":"/content/dist/rhel/server/7/7Server/$basearch/jbeap/7.4/os","requiredTags":"rhel-7-server","gpgUrl":"file:///etc/pki/rpm-gpg/RPM-GPG-KEY-redhat-release","arches":"x86_64","uuid":"2c94e010867a0eae01867a1b0ece0d3e","metadataExpiration":86400,"releaseVersion":null,"modifiedProductIds":[]},"enabled":false},{"content":{"created":"2023-02-22T17:10:39.000+00:00","updated":"2023-02-22T17:10:39.000+00:00","id":"4488","type":"yum","label":"jb-eap-7.0-for-rhel-7-server-debug-rpms","name":"JBoss Enterprise Application Platform 7.0 (RHEL 7 Server) (Debug RPMs)","vendor":"Red Hat","contentUrl":"/content/dist/rhel/server/7/$releasever/$basearch/jbeap/7.0/debug","requiredTags":"rhel-7-server","gpgUrl":"file:///etc/pki/rpm-gpg/RPM-GPG-KEY-redhat-release","arches":"x86_64","uuid":"2c94e010867a0eae01867a1b0ece0d3f","metadataExpiration":86400,"releaseVersion":null,"modifiedProductIds":[]},"enabled":false},{"content":{"created":"2023-02-22T17:10:39.000+00:00","updated":"2023-02-22T17:10:39.000+00:00","id":"8101","type":"yum","label":"jb-eap-7.2-for-rhel-8-x86_64-source-rpms","name":"JBoss Enterprise Application Platform 7.2 (RHEL 8) (Source RPMs)","vendor":"Red Hat","contentUrl":"/content/dist/layered/rhel8/x86_64/jbeap/7.2/source/SRPMS","requiredTags":"rhel-8-x86_64","gpgUrl":"file:///etc/pki/rpm-gpg/RPM-GPG-KEY-redhat-release","arches":null,"uuid":"2c94e010867a0eae01867a1b0ece0d40","metadataExpiration":86400,"releaseVersion":null,"modifiedProductIds":[]},"enabled":false},{"content":{"created":"2023-02-22T17:10:39.000+00:00","updated":"2023-02-22T17:10:39.000+00:00","id":"8102","type":"yum","label":"jb-eap-7.2-for-rhel-8-x86_64-debug-rpms","name":"JBoss Enterprise Application Platform 7.2 (RHEL 8) (Debug RPMs)","vendor":"Red Hat","contentUrl":"/content/dist/layered/rhel8/x86_64/jbeap/7.2/debug","requiredTags":"rhel-8-x86_64","gpgUrl":"file:///etc/pki/rpm-gpg/RPM-GPG-KEY-redhat-release","arches":null,"uuid":"2c94e010867a0eae01867a1b0ece0d41","metadataExpiration":86400,"releaseVersion":null,"modifiedProductIds":[]},"enabled":false},{"content":{"created":"2023-02-22T17:10:39.000+00:00","updated":"2023-02-22T17:10:39.000+00:00","id":"8100","type":"yum","label":"jb-eap-7.2-for-rhel-8-x86_64-rpms","name":"JBoss Enterprise Application Platform 7.2 (RHEL 8) (RPMs)","vendor":"Red Hat","contentUrl":"/content/dist/layered/rhel8/x86_64/jbeap/7.2/os","requiredTags":"rhel-8-x86_64","gpgUrl":"file:///etc/pki/rpm-gpg/RPM-GPG-KEY-redhat-release","arches":null,"uuid":"2c94e010867a0eae01867a1b0ece0d42","metadataExpiration":86400,"releaseVersion":null,"modifiedProductIds":[]},"enabled":false},{"content":{"created":"2023-02-22T17:10:39.000+00:00","updated":"2023-02-22T17:10:39.000+00:00","id":"7378","type":"yum","label":"jb-eap-7.2-for-rhel-6-server-rpms","name":"JBoss Enterprise Application Platform 7.2 (RHEL 6 Server) (RPMs)","vendor":"Red Hat","contentUrl":"/content/dist/rhel/server/6/6Server/$basearch/jbeap/7.2/os","requiredTags":"rhel-6-server","gpgUrl":"file:///etc/pki/rpm-gpg/RPM-GPG-KEY-redhat-release","arches":"x86_64","uuid":"2c94e010867a0eae01867a1b0ece0d43","metadataExpiration":86400,"releaseVersion":null,"modifiedProductIds":[]},"enabled":false},{"content":{"created":"2023-02-22T17:10:39.000+00:00","updated":"2023-02-22T17:10:39.000+00:00","id":"8105","type":"yum","label":"jb-eap-7.3-for-rhel-8-x86_64-debug-rpms","name":"JBoss Enterprise Application Platform 7.3 (RHEL 8) (Debug RPMs)","vendor":"Red Hat","contentUrl":"/content/dist/layered/rhel8/x86_64/jbeap/7.3/debug","requiredTags":"rhel-8-x86_64","gpgUrl":"file:///etc/pki/rpm-gpg/RPM-GPG-KEY-redhat-release","arches":null,"uuid":"2c94e010867a0eae01867a1b0ece0d44","metadataExpiration":86400,"releaseVersion":null,"modifiedProductIds":[]},"enabled":false},{"content":{"created":"2023-02-22T17:10:39.000+00:00","updated":"2023-02-22T17:10:39.000+00:00","id":"8103","type":"yum","label":"jb-eap-7.3-for-rhel-8-x86_64-rpms","name":"JBoss Enterprise Application Platform 7.3 (RHEL 8) (RPMs)","vendor":"Red Hat","contentUrl":"/content/dist/layered/rhel8/x86_64/jbeap/7.3/os","requiredTags":"rhel-8-x86_64","gpgUrl":"file:///etc/pki/rpm-gpg/RPM-GPG-KEY-redhat-release","arches":null,"uuid":"2c94e010867a0eae01867a1b0ece0d45","metadataExpiration":86400,"releaseVersion":null,"modifiedProductIds":[]},"enabled":false},{"content":{"created":"2023-02-22T17:10:39.000+00:00","updated":"2023-02-22T17:10:39.000+00:00","id":"7379","type":"yum","label":"jb-eap-7.2-for-rhel-6-server-source-rpms","name":"JBoss Enterprise Application Platform 7.2 (RHEL 6 Server) (Source RPMs)","vendor":"Red Hat","contentUrl":"/content/dist/rhel/server/6/6Server/$basearch/jbeap/7.2/source/SRPMS","requiredTags":"rhel-6-server","gpgUrl":"file:///etc/pki/rpm-gpg/RPM-GPG-KEY-redhat-release","arches":"x86_64","uuid":"2c94e010867a0eae01867a1b0ece0d46","metadataExpiration":86400,"releaseVersion":null,"modifiedProductIds":[]},"enabled":false},{"content":{"created":"2023-02-22T17:10:39.000+00:00","updated":"2023-02-22T17:10:39.000+00:00","id":"8104","type":"yum","label":"jb-eap-7.3-for-rhel-8-x86_64-source-rpms","name":"JBoss Enterprise Application Platform 7.3 (RHEL 8) (Source RPMs)","vendor":"Red Hat","contentUrl":"/content/dist/layered/rhel8/x86_64/jbeap/7.3/source/SRPMS","requiredTags":"rhel-8-x86_64","gpgUrl":"file:///etc/pki/rpm-gpg/RPM-GPG-KEY-redhat-release","arches":null,"uuid":"2c94e010867a0eae01867a1b0ece0d47","metadataExpiration":86400,"releaseVersion":null,"modifiedProductIds":[]},"enabled":false},{"content":{"created":"2024-02-02T14:35:10.000+00:00","updated":"2024-02-02T14:35:10.000+00:00","id":"12400","type":"yum","label":"jb-eap-8.0-for-rhel-8-x86_64-source-rpms","name":"JBoss Enterprise Application Platform 8.0 (RHEL 8 x86_64) (Source RPMs)","vendor":"Red Hat","contentUrl":"/content/dist/layered/rhel8/x86_64/jbeap/8.0/source/SRPMS","requiredTags":"rhel-8-x86_64","gpgUrl":"file:///etc/pki/rpm-gpg/RPM-GPG-KEY-redhat-release","arches":"x86_64","uuid":"2c94e0008d5c548e018d6a3eb279685b","metadataExpiration":86400,"releaseVersion":null,"modifiedProductIds":[]},"enabled":false},{"content":{"created":"2023-02-22T17:10:39.000+00:00","updated":"2023-02-22T17:10:39.000+00:00","id":"5228","type":"containerimage","label":"rhel-7-server-jb-eap-7.0-containers","name":"JBoss Enterprise Application Platform 7.0 (Containers)","vendor":"Red Hat","contentUrl":"/content/dist/rhel/server/7/7Server/$basearch/jbeap/7.0/containers","requiredTags":"rhel-7-server","gpgUrl":"file:///etc/pki/rpm-gpg/RPM-GPG-KEY-redhat-release","arches":"x86_64","uuid":"2c94e010867a0eae01867a1b0ece0d48","metadataExpiration":86400,"releaseVersion":null,"modifiedProductIds":[]},"enabled":false},{"content":{"created":"2024-02-02T14:35:10.000+00:00","updated":"2024-02-02T14:35:10.000+00:00","id":"12403","type":"yum","label":"jb-eap-8.0-for-rhel-9-x86_64-source-rpms","name":"JBoss Enterprise Application Platform 8.0 (RHEL 9 x86_64) (Source RPMs)","vendor":"Red Hat","contentUrl":"/content/dist/layered/rhel9/x86_64/jbeap/8.0/source/SRPMS","requiredTags":"rhel-9-x86_64","gpgUrl":"file:///etc/pki/rpm-gpg/RPM-GPG-KEY-redhat-release","arches":"x86_64","uuid":"2c94e0008d5c548e018d6a3eb27a685c","metadataExpiration":86400,"releaseVersion":null,"modifiedProductIds":[]},"enabled":false},{"content":{"created":"2024-02-02T14:35:10.000+00:00","updated":"2024-02-02T14:35:10.000+00:00","id":"12404","type":"yum","label":"jb-eap-8.0-for-rhel-9-x86_64-debug-rpms","name":"JBoss Enterprise Application Platform 8.0 (RHEL 9 x86_64) (Debug RPMs)","vendor":"Red Hat","contentUrl":"/content/dist/layered/rhel9/x86_64/jbeap/8.0/debug","requiredTags":"rhel-9-x86_64","gpgUrl":"file:///etc/pki/rpm-gpg/RPM-GPG-KEY-redhat-release","arches":"x86_64","uuid":"2c94e0008d5c548e018d6a3eb27a685d","metadataExpiration":86400,"releaseVersion":null,"modifiedProductIds":[]},"enabled":false},{"content":{"created":"2024-02-02T14:35:10.000+00:00","updated":"2024-02-02T14:35:10.000+00:00","id":"12401","type":"yum","label":"jb-eap-8.0-for-rhel-8-x86_64-debug-rpms","name":"JBoss Enterprise Application Platform 8.0 (RHEL 8 x86_64) (Debug RPMs)","vendor":"Red Hat","contentUrl":"/content/dist/layered/rhel8/x86_64/jbeap/8.0/debug","requiredTags":"rhel-8-x86_64","gpgUrl":"file:///etc/pki/rpm-gpg/RPM-GPG-KEY-redhat-release","arches":"x86_64","uuid":"2c94e0008d5c548e018d6a3eb27a685e","metadataExpiration":86400,"releaseVersion":null,"modifiedProductIds":[]},"enabled":false},{"content":{"created":"2024-02-02T14:35:10.000+00:00","updated":"2024-02-02T14:35:10.000+00:00","id":"12402","type":"yum","label":"jb-eap-8.0-for-rhel-9-x86_64-rpms","name":"JBoss Enterprise Application Platform 8.0 (RHEL 9 x86_64) (RPMs)","vendor":"Red Hat","contentUrl":"/content/dist/layered/rhel9/x86_64/jbeap/8.0/os","requiredTags":"rhel-9-x86_64","gpgUrl":"file:///etc/pki/rpm-gpg/RPM-GPG-KEY-redhat-release","arches":"x86_64","uuid":"2c94e0008d5c548e018d6a3eb27a685f","metadataExpiration":86400,"releaseVersion":null,"modifiedProductIds":[]},"enabled":false},{"content":{"created":"2023-02-22T17:10:39.000+00:00","updated":"2023-02-22T17:10:39.000+00:00","id":"5240","type":"yum","label":"jb-eap-7.1-for-rhel-7-server-rpms","name":"JBoss Enterprise Application Platform 7.1 (RHEL 7 Server) (RPMs)","vendor":"Red Hat","contentUrl":"/content/dist/rhel/server/7/7Server/$basearch/jbeap/7.1/os","requiredTags":"rhel-7-server","gpgUrl":"file:///etc/pki/rpm-gpg/RPM-GPG-KEY-redhat-release","arches":"x86_64","uuid":"2c94e010867a0eae01867a1b0ece0d49","metadataExpiration":86400,"releaseVersion":null,"modifiedProductIds":[]},"enabled":false},{"content":{"created":"2023-02-22T17:10:39.000+00:00","updated":"2023-02-22T17:10:39.000+00:00","id":"5241","type":"yum","label":"jb-eap-7.1-for-rhel-7-server-source-rpms","name":"JBoss Enterprise Application Platform 7.1 (RHEL 7 Server) (Source RPMs)","vendor":"Red Hat","contentUrl":"/content/dist/rhel/server/7/7Server/$basearch/jbeap/7.1/source/SRPMS","requiredTags":"rhel-7-server","gpgUrl":"file:///etc/pki/rpm-gpg/RPM-GPG-KEY-redhat-release","arches":"x86_64","uuid":"2c94e010867a0eae01867a1b0ece0d4a","metadataExpiration":86400,"releaseVersion":null,"modifiedProductIds":[]},"enabled":false},{"content":{"created":"2023-02-22T17:10:39.000+00:00","updated":"2023-02-22T17:10:39.000+00:00","id":"5242","type":"yum","label":"jb-eap-7.1-for-rhel-7-server-debug-rpms","name":"JBoss Enterprise Application Platform 7.1 (RHEL 7 Server) (Debug RPMs)","vendor":"Red Hat","contentUrl":"/content/dist/rhel/server/7/7Server/$basearch/jbeap/7.1/debug","requiredTags":"rhel-7-server","gpgUrl":"file:///etc/pki/rpm-gpg/RPM-GPG-KEY-redhat-release","arches":"x86_64","uuid":"2c94e010867a0eae01867a1b0ece0d4b","metadataExpiration":86400,"releaseVersion":null,"modifiedProductIds":[]},"enabled":false},{"content":{"created":"2023-02-22T17:10:39.000+00:00","updated":"2023-02-22T17:10:39.000+00:00","id":"4154","type":"yum","label":"jb-eap-6.3-for-rhel-5-server-rpms","name":"JBoss Enterprise Application Platform 6.3 (RHEL 5 Server) (RPMs)","vendor":"Red Hat","contentUrl":"/content/dist/rhel/server/5/$releasever/$basearch/jbeap/6.3/os","requiredTags":"rhel-5-server","gpgUrl":"file:///etc/pki/rpm-gpg/RPM-GPG-KEY-redhat-release","arches":"x86,x86_64","uuid":"2c94e010867a0eae01867a1b0ece0d4c","metadataExpiration":86400,"releaseVersion":null,"modifiedProductIds":[]},"enabled":false},{"content":{"created":"2023-02-22T17:10:39.000+00:00","updated":"2023-02-22T17:10:39.000+00:00","id":"5882","type":"yum","label":"jb-eap-6-for-rhel-6-server-debug-rpms","name":"JBoss Enterprise Application Platform 6 (RHEL 6 Server) (Debug RPMs)","vendor":"Red Hat","contentUrl":"/content/dist/rhel/server/6/$releasever/$basearch/jbeap/6/debug","requiredTags":"rhel-6-server","gpgUrl":"file:///etc/pki/rpm-gpg/RPM-GPG-KEY-redhat-release","arches":"x86,x86_64","uuid":"2c94e010867a0eae01867a1b0ece0d4d","metadataExpiration":86400,"releaseVersion":null,"modifiedProductIds":[]},"enabled":false},{"content":{"created":"2023-02-22T17:10:39.000+00:00","updated":"2023-02-22T17:10:39.000+00:00","id":"4155","type":"yum","label":"jb-eap-6.3-for-rhel-5-server-source-rpms","name":"JBoss Enterprise Application Platform 6.3 (RHEL 5 Server) (Source RPMs)","vendor":"Red Hat","contentUrl":"/content/dist/rhel/server/5/$releasever/$basearch/jbeap/6.3/source/SRPMS","requiredTags":"rhel-5-server","gpgUrl":"file:///etc/pki/rpm-gpg/RPM-GPG-KEY-redhat-release","arches":"x86,x86_64","uuid":"2c94e010867a0eae01867a1b0ece0d4e","metadataExpiration":86400,"releaseVersion":null,"modifiedProductIds":[]},"enabled":false},{"content":{"created":"2023-02-22T17:10:39.000+00:00","updated":"2023-02-22T17:10:39.000+00:00","id":"5883","type":"yum","label":"jb-eap-6.3-for-rhel-6-server-debug-rpms","name":"JBoss Enterprise Application Platform 6.3 (RHEL 6 Server) (Debug RPMs)","vendor":"Red Hat","contentUrl":"/content/dist/rhel/server/6/$releasever/$basearch/jbeap/6.3/debug","requiredTags":"rhel-6-server","gpgUrl":"file:///etc/pki/rpm-gpg/RPM-GPG-KEY-redhat-release","arches":"x86,x86_64","uuid":"2c94e010867a0eae01867a1b0ece0d4f","metadataExpiration":86400,"releaseVersion":null,"modifiedProductIds":[]},"enabled":false},{"content":{"created":"2023-02-22T17:10:39.000+00:00","updated":"2023-02-22T17:10:39.000+00:00","id":"4156","type":"yum","label":"jb-eap-6.3-for-rhel-5-server-debug-rpms","name":"JBoss Enterprise Application Platform 6.3 (RHEL 5 Server) (Debug RPMs)","vendor":"Red Hat","contentUrl":"/content/dist/rhel/server/5/$releasever/$basearch/jbeap/6.3/debug","requiredTags":"rhel-5-server","gpgUrl":"file:///etc/pki/rpm-gpg/RPM-GPG-KEY-redhat-release","arches":"x86,x86_64","uuid":"2c94e010867a0eae01867a1b0ece0d50","metadataExpiration":86400,"releaseVersion":null,"modifiedProductIds":[]},"enabled":false},{"content":{"created":"2023-02-22T17:10:39.000+00:00","updated":"2023-02-22T17:10:39.000+00:00","id":"4310","type":"yum","label":"jb-eap-6.4-for-rhel-5-server-source-rpms","name":"JBoss Enterprise Application Platform 6.4 (RHEL 5 Server) (Source RPMs)","vendor":"Red Hat","contentUrl":"/content/dist/rhel/server/5/$releasever/$basearch/jbeap/6.4/source/SRPMS","requiredTags":"rhel-5-server","gpgUrl":"file:///etc/pki/rpm-gpg/RPM-GPG-KEY-redhat-release","arches":"x86,x86_64","uuid":"2c94e010867a0eae01867a1b0ece0d51","metadataExpiration":86400,"releaseVersion":null,"modifiedProductIds":[]},"enabled":false},{"content":{"created":"2023-02-22T17:10:39.000+00:00","updated":"2023-02-22T17:10:39.000+00:00","id":"4157","type":"yum","label":"jb-eap-6.3-for-rhel-6-server-rpms","name":"JBoss Enterprise Application Platform 6.3 (RHEL 6 Server) (RPMs)","vendor":"Red Hat","contentUrl":"/content/dist/rhel/server/6/$releasever/$basearch/jbeap/6.3/os","requiredTags":"rhel-6-server","gpgUrl":"file:///etc/pki/rpm-gpg/RPM-GPG-KEY-redhat-release","arches":"x86,x86_64","uuid":"2c94e010867a0eae01867a1b0ece0d52","metadataExpiration":86400,"releaseVersion":null,"modifiedProductIds":[]},"enabled":false},{"content":{"created":"2023-02-22T17:10:39.000+00:00","updated":"2023-02-22T17:10:39.000+00:00","id":"4311","type":"yum","label":"jb-eap-6.4-for-rhel-5-server-debug-rpms","name":"JBoss Enterprise Application Platform 6.4 (RHEL 5 Server) (Debug RPMs)","vendor":"Red Hat","contentUrl":"/content/dist/rhel/server/5/$releasever/$basearch/jbeap/6.4/debug","requiredTags":"rhel-5-server","gpgUrl":"file:///etc/pki/rpm-gpg/RPM-GPG-KEY-redhat-release","arches":"x86,x86_64","uuid":"2c94e010867a0eae01867a1b0ece0d53","metadataExpiration":86400,"releaseVersion":null,"modifiedProductIds":[]},"enabled":false},{"content":{"created":"2023-02-22T17:10:39.000+00:00","updated":"2023-02-22T17:10:39.000+00:00","id":"5884","type":"yum","label":"jb-eap-6.4-for-rhel-6-server-debug-rpms","name":"JBoss Enterprise Application Platform 6.4 (RHEL 6 Server) (Debug RPMs)","vendor":"Red Hat","contentUrl":"/content/dist/rhel/server/6/$releasever/$basearch/jbeap/6.4/debug","requiredTags":"rhel-6-server","gpgUrl":"file:///etc/pki/rpm-gpg/RPM-GPG-KEY-redhat-release","arches":"x86,x86_64","uuid":"2c94e010867a0eae01867a1b0ece0d54","metadataExpiration":86400,"releaseVersion":null,"modifiedProductIds":[]},"enabled":false},{"content":{"created":"2023-02-22T17:10:39.000+00:00","updated":"2023-02-22T17:10:39.000+00:00","id":"1560","type":"yum","label":"jb-eap-6-for-rhel-6-server-source-rpms","name":"JBoss Enterprise Application Platform 6 (RHEL 6 Server) (Source RPMs)","vendor":"Red Hat","contentUrl":"/content/dist/rhel/server/6/$releasever/$basearch/jbeap/6/source/SRPMS","requiredTags":"rhel-6-server","gpgUrl":"file:///etc/pki/rpm-gpg/RPM-GPG-KEY-redhat-release","arches":"x86,x86_64","uuid":"2c94e010867a0eae01867a1b0ece0d55","metadataExpiration":86400,"releaseVersion":null,"modifiedProductIds":[]},"enabled":false},{"content":{"created":"2023-02-22T17:10:39.000+00:00","updated":"2023-02-22T17:10:39.000+00:00","id":"7381","type":"yum","label":"jb-eap-7.2-for-rhel-7-server-rpms","name":"JBoss Enterprise Application Platform 7.2 (RHEL 7 Server) (RPMs)","vendor":"Red Hat","contentUrl":"/content/dist/rhel/server/7/7Server/$basearch/jbeap/7.2/os","requiredTags":"rhel-7-server","gpgUrl":"file:///etc/pki/rpm-gpg/RPM-GPG-KEY-redhat-release","arches":"x86_64","uuid":"2c94e010867a0eae01867a1b0ece0d56","metadataExpiration":86400,"releaseVersion":null,"modifiedProductIds":[]},"enabled":false},{"content":{"created":"2023-02-22T17:10:39.000+00:00","updated":"2023-02-22T17:10:39.000+00:00","id":"7380","type":"yum","label":"jb-eap-7.2-for-rhel-6-server-debug-rpms","name":"JBoss Enterprise Application Platform 7.2 (RHEL 6 Server) (Debug RPMs)","vendor":"Red Hat","contentUrl":"/content/dist/rhel/server/6/6Server/$basearch/jbeap/7.2/debug","requiredTags":"rhel-6-server","gpgUrl":"file:///etc/pki/rpm-gpg/RPM-GPG-KEY-redhat-release","arches":"x86_64","uuid":"2c94e010867a0eae01867a1b0ece0d57","metadataExpiration":86400,"releaseVersion":null,"modifiedProductIds":[]},"enabled":false},{"content":{"created":"2023-02-22T17:10:39.000+00:00","updated":"2023-02-22T17:10:39.000+00:00","id":"7383","type":"yum","label":"jb-eap-7.2-for-rhel-7-server-debug-rpms","name":"JBoss Enterprise Application Platform 7.2 (RHEL 7 Server) (Debug RPMs)","vendor":"Red Hat","contentUrl":"/content/dist/rhel/server/7/7Server/$basearch/jbeap/7.2/debug","requiredTags":"rhel-7-server","gpgUrl":"file:///etc/pki/rpm-gpg/RPM-GPG-KEY-redhat-release","arches":"x86_64","uuid":"2c94e010867a0eae01867a1b0ece0d58","metadataExpiration":86400,"releaseVersion":null,"modifiedProductIds":[]},"enabled":false},{"content":{"created":"2023-02-22T17:10:39.000+00:00","updated":"2023-02-22T17:10:39.000+00:00","id":"7382","type":"yum","label":"jb-eap-7.2-for-rhel-7-server-source-rpms","name":"JBoss Enterprise Application Platform 7.2 (RHEL 7 Server) (Source RPMs)","vendor":"Red Hat","contentUrl":"/content/dist/rhel/server/7/7Server/$basearch/jbeap/7.2/source/SRPMS","requiredTags":"rhel-7-server","gpgUrl":"file:///etc/pki/rpm-gpg/RPM-GPG-KEY-redhat-release","arches":"x86_64","uuid":"2c94e010867a0eae01867a1b0ece0d59","metadataExpiration":86400,"releaseVersion":null,"modifiedProductIds":[]},"enabled":false},{"content":{"created":"2023-02-22T17:10:39.000+00:00","updated":"2023-02-22T17:10:39.000+00:00","id":"4309","type":"yum","label":"jb-eap-6.4-for-rhel-5-server-rpms","name":"JBoss Enterprise Application Platform 6.4 (RHEL 5 Server) (RPMs)","vendor":"Red Hat","contentUrl":"/content/dist/rhel/server/5/$releasever/$basearch/jbeap/6.4/os","requiredTags":"rhel-5-server","gpgUrl":"file:///etc/pki/rpm-gpg/RPM-GPG-KEY-redhat-release","arches":"x86,x86_64","uuid":"2c94e010867a0eae01867a1b0ece0d5a","metadataExpiration":86400,"releaseVersion":null,"modifiedProductIds":[]},"enabled":false},{"content":{"created":"2023-02-22T17:10:39.000+00:00","updated":"2023-02-22T17:10:39.000+00:00","id":"5237","type":"yum","label":"jb-eap-7.1-for-rhel-6-server-rpms","name":"JBoss Enterprise Application Platform 7.1 (RHEL 6 Server) (RPMs)","vendor":"Red Hat","contentUrl":"/content/dist/rhel/server/6/6Server/$basearch/jbeap/7.1/os","requiredTags":"rhel-6-server","gpgUrl":"file:///etc/pki/rpm-gpg/RPM-GPG-KEY-redhat-release","arches":"x86,x86_64","uuid":"2c94e010867a0eae01867a1b0ece0d5b","metadataExpiration":86400,"releaseVersion":null,"modifiedProductIds":[]},"enabled":false},{"content":{"created":"2023-02-22T17:10:39.000+00:00","updated":"2023-02-22T17:10:39.000+00:00","id":"5238","type":"yum","label":"jb-eap-7.1-for-rhel-6-server-source-rpms","name":"JBoss Enterprise Application Platform 7.1 (RHEL 6 Server) (Source RPMs)","vendor":"Red Hat","contentUrl":"/content/dist/rhel/server/6/6Server/$basearch/jbeap/7.1/source/SRPMS","requiredTags":"rhel-6-server","gpgUrl":"file:///etc/pki/rpm-gpg/RPM-GPG-KEY-redhat-release","arches":"x86,x86_64","uuid":"2c94e010867a0eae01867a1b0ece0d5c","metadataExpiration":86400,"releaseVersion":null,"modifiedProductIds":[]},"enabled":false},{"content":{"created":"2023-02-22T17:10:39.000+00:00","updated":"2023-02-22T17:10:39.000+00:00","id":"5239","type":"yum","label":"jb-eap-7.1-for-rhel-6-server-debug-rpms","name":"JBoss Enterprise Application Platform 7.1 (RHEL 6 Server) (Debug RPMs)","vendor":"Red Hat","contentUrl":"/content/dist/rhel/server/6/6Server/$basearch/jbeap/7.1/debug","requiredTags":"rhel-6-server","gpgUrl":"file:///etc/pki/rpm-gpg/RPM-GPG-KEY-redhat-release","arches":"x86,x86_64","uuid":"2c94e010867a0eae01867a1b0ece0d5d","metadataExpiration":86400,"releaseVersion":null,"modifiedProductIds":[]},"enabled":false},{"content":{"created":"2023-02-22T17:10:39.000+00:00","updated":"2023-02-22T17:10:39.000+00:00","id":"1559","type":"yum","label":"jb-eap-6-for-rhel-6-server-rpms","name":"JBoss Enterprise Application Platform 6 (RHEL 6 Server) (RPMs)","vendor":"Red Hat","contentUrl":"/content/dist/rhel/server/6/$releasever/$basearch/jbeap/6/os","requiredTags":"rhel-6-server","gpgUrl":"file:///etc/pki/rpm-gpg/RPM-GPG-KEY-redhat-release","arches":"x86,x86_64","uuid":"2c94e010867a0eae01867a1b0ece0d5e","metadataExpiration":86400,"releaseVersion":null,"modifiedProductIds":[]},"enabled":false},{"content":{"created":"2023-02-22T17:10:39.000+00:00","updated":"2023-02-22T17:10:39.000+00:00","id":"4161","type":"yum","label":"jb-eap-6.3-for-rhel-7-for-power-rpms","name":"JBoss Enterprise Application Platform 6.3 (RHEL 7 for IBM Power) (RPMs)","vendor":"Red Hat","contentUrl":"/content/dist/rhel/power/7/$releasever/$basearch/jbeap/6.3/os","requiredTags":"rhel-7-ibm-power","gpgUrl":"file:///etc/pki/rpm-gpg/RPM-GPG-KEY-redhat-release","arches":"ppc64","uuid":"2c94e010867a0eae01867a1b0ece0d5f","metadataExpiration":86400,"releaseVersion":null,"modifiedProductIds":[]},"enabled":false},{"content":{"created":"2023-02-22T17:10:39.000+00:00","updated":"2023-02-22T17:10:39.000+00:00","id":"9058","type":"file","label":"jb-eap-7.2-for-rhel-7-server-isos","name":"JBoss Enterprise Application Platform 7.2 (RHEL 7 Server) (ISOs)","vendor":"Red Hat","contentUrl":"/content/dist/rhel/server/7/7Server/$basearch/jbeap/7.2/iso","requiredTags":"rhel-7-server","gpgUrl":"file:///etc/pki/rpm-gpg/RPM-GPG-KEY-redhat-release","arches":"x86_64","uuid":"2c94e010867a0eae01867a1b0ece0d60","metadataExpiration":86400,"releaseVersion":null,"modifiedProductIds":[]},"enabled":false},{"content":{"created":"2023-02-22T17:10:39.000+00:00","updated":"2023-02-22T17:10:39.000+00:00","id":"9059","type":"file","label":"jb-eap-7.2-for-rhel-8-x86_64-isos","name":"JBoss Enterprise Application Platform 7.2 (RHEL 8) (ISOs)","vendor":"Red Hat","contentUrl":"/content/dist/layered/rhel8/x86_64/jbeap/7.2/iso","requiredTags":"rhel-8-x86_64","gpgUrl":"file:///etc/pki/rpm-gpg/RPM-GPG-KEY-redhat-release","arches":null,"uuid":"2c94e010867a0eae01867a1b0ece0d61","metadataExpiration":86400,"releaseVersion":null,"modifiedProductIds":[]},"enabled":false},{"content":{"created":"2023-02-22T17:10:39.000+00:00","updated":"2023-02-22T17:10:39.000+00:00","id":"4162","type":"yum","label":"jb-eap-6.3-for-rhel-7-for-power-source-rpms","name":"JBoss Enterprise Application Platform 6.3 (RHEL 7 for IBM Power) (Source RPMs)","vendor":"Red Hat","contentUrl":"/content/dist/rhel/power/7/$releasever/$basearch/jbeap/6.3/source/SRPMS","requiredTags":"rhel-7-ibm-power","gpgUrl":"file:///etc/pki/rpm-gpg/RPM-GPG-KEY-redhat-release","arches":"ppc64","uuid":"2c94e010867a0eae01867a1b0ece0d62","metadataExpiration":86400,"releaseVersion":null,"modifiedProductIds":[]},"enabled":false},{"content":{"created":"2023-02-22T17:10:39.000+00:00","updated":"2023-02-22T17:10:39.000+00:00","id":"4163","type":"yum","label":"jb-eap-6.3-for-rhel-7-for-power-debug-rpms","name":"JBoss Enterprise Application Platform 6.3 (RHEL 7 for IBM Power) (Debug RPMs)","vendor":"Red Hat","contentUrl":"/content/dist/rhel/power/7/$releasever/$basearch/jbeap/6.3/debug","requiredTags":"rhel-7-ibm-power","gpgUrl":"file:///etc/pki/rpm-gpg/RPM-GPG-KEY-redhat-release","arches":"ppc64","uuid":"2c94e010867a0eae01867a1b0ece0d63","metadataExpiration":86400,"releaseVersion":null,"modifiedProductIds":[]},"enabled":false},{"content":{"created":"2023-02-22T17:10:39.000+00:00","updated":"2023-02-22T17:10:39.000+00:00","id":"7552","type":"containerimage","label":"jb-eap-7.2-for-rhel-7-server-multiarch-containers","name":"JBoss Enterprise Application Platform 7.2 (Containers) Multiarch","vendor":"Red Hat","contentUrl":"/content/dist/rhel/server/7/7Server/multiarch/jbeap/7.2/containers","requiredTags":"rhel-7-server","gpgUrl":"file:///etc/pki/rpm-gpg/RPM-GPG-KEY-redhat-release","arches":"x86_64","uuid":"2c94e010867a0eae01867a1b0ece0d64","metadataExpiration":86400,"releaseVersion":null,"modifiedProductIds":[]},"enabled":false},{"content":{"created":"2023-02-22T17:10:39.000+00:00","updated":"2023-02-22T17:10:39.000+00:00","id":"7551","type":"containerimage","label":"jb-eap-7.2-for-rhel-7-server-beta-multiarch-containers","name":"JBoss Enterprise Application Platform 7.2 Beta (Containers) Multiarch","vendor":"Red Hat","contentUrl":"/content/beta/rhel/server/7/multiarch/jbeap/7.2/containers","requiredTags":"rhel-7-server","gpgUrl":"file:///etc/pki/rpm-gpg/RPM-GPG-KEY-redhat-beta,file:///etc/pki/rpm-gpg/RPM-GPG-KEY-redhat-release","arches":"x86_64","uuid":"2c94e010867a0eae01867a1b0ece0d65","metadataExpiration":86400,"releaseVersion":null,"modifiedProductIds":[]},"enabled":false},{"content":{"created":"2023-02-22T17:10:39.000+00:00","updated":"2023-02-22T17:10:39.000+00:00","id":"4164","type":"yum","label":"jb-eap-6.3-for-rhel-7-server-rpms","name":"JBoss Enterprise Application Platform 6.3 (RHEL 7 Server) (RPMs)","vendor":"Red Hat","contentUrl":"/content/dist/rhel/server/7/$releasever/$basearch/jbeap/6.3/os","requiredTags":"rhel-7-server","gpgUrl":"file:///etc/pki/rpm-gpg/RPM-GPG-KEY-redhat-release","arches":"x86_64","uuid":"2c94e010867a0eae01867a1b0ece0d66","metadataExpiration":86400,"releaseVersion":null,"modifiedProductIds":[]},"enabled":false},{"content":{"created":"2023-02-22T17:10:39.000+00:00","updated":"2023-02-22T17:10:39.000+00:00","id":"9057","type":"file","label":"jb-eap-7.2-for-rhel-6-server-isos","name":"JBoss Enterprise Application Platform 7.2 (RHEL 6 Server) (ISOs)","vendor":"Red Hat","contentUrl":"/content/dist/rhel/server/6/6Server/$basearch/jbeap/7.2/iso","requiredTags":"rhel-6-server","gpgUrl":"file:///etc/pki/rpm-gpg/RPM-GPG-KEY-redhat-release","arches":"x86_64","uuid":"2c94e010867a0eae01867a1b0ece0d67","metadataExpiration":86400,"releaseVersion":null,"modifiedProductIds":[]},"enabled":false},{"content":{"created":"2023-02-22T17:10:39.000+00:00","updated":"2023-02-22T17:10:39.000+00:00","id":"4165","type":"yum","label":"jb-eap-6.3-for-rhel-7-server-source-rpms","name":"JBoss Enterprise Application Platform 6.3 (RHEL 7 Server) (Source RPMs)","vendor":"Red Hat","contentUrl":"/content/dist/rhel/server/7/$releasever/$basearch/jbeap/6.3/source/SRPMS","requiredTags":"rhel-7-server","gpgUrl":"file:///etc/pki/rpm-gpg/RPM-GPG-KEY-redhat-release","arches":"x86_64","uuid":"2c94e010867a0eae01867a1b0ece0d68","metadataExpiration":86400,"releaseVersion":null,"modifiedProductIds":[]},"enabled":false},{"content":{"created":"2023-02-22T17:10:39.000+00:00","updated":"2023-02-22T17:10:39.000+00:00","id":"4166","type":"yum","label":"jb-eap-6.3-for-rhel-7-server-debug-rpms","name":"JBoss Enterprise Application Platform 6.3 (RHEL 7 Server) (Debug RPMs)","vendor":"Red Hat","contentUrl":"/content/dist/rhel/server/7/$releasever/$basearch/jbeap/6.3/debug","requiredTags":"rhel-7-server","gpgUrl":"file:///etc/pki/rpm-gpg/RPM-GPG-KEY-redhat-release","arches":"x86_64","uuid":"2c94e010867a0eae01867a1b0ece0d69","metadataExpiration":86400,"releaseVersion":null,"modifiedProductIds":[]},"enabled":false},{"content":{"created":"2023-02-22T17:10:39.000+00:00","updated":"2023-02-22T17:10:39.000+00:00","id":"4320","type":"yum","label":"jb-eap-6.4-for-rhel-7-server-source-rpms","name":"JBoss Enterprise Application Platform 6.4 (RHEL 7 Server) (Source RPMs)","vendor":"Red Hat","contentUrl":"/content/dist/rhel/server/7/$releasever/$basearch/jbeap/6.4/source/SRPMS","requiredTags":"rhel-7-server","gpgUrl":"file:///etc/pki/rpm-gpg/RPM-GPG-KEY-redhat-release","arches":"x86_64","uuid":"2c94e010867a0eae01867a1b0ece0d6a","metadataExpiration":86400,"releaseVersion":null,"modifiedProductIds":[]},"enabled":false},{"content":{"created":"2023-02-22T17:10:39.000+00:00","updated":"2023-02-22T17:10:39.000+00:00","id":"4321","type":"yum","label":"jb-eap-6.4-for-rhel-7-server-debug-rpms","name":"JBoss Enterprise Application Platform 6.4 (RHEL 7 Server) (Debug RPMs)","vendor":"Red Hat","contentUrl":"/content/dist/rhel/server/7/$releasever/$basearch/jbeap/6.4/debug","requiredTags":"rhel-7-server","gpgUrl":"file:///etc/pki/rpm-gpg/RPM-GPG-KEY-redhat-release","arches":"x86_64","uuid":"2c94e010867a0eae01867a1b0ece0d6b","metadataExpiration":86400,"releaseVersion":null,"modifiedProductIds":[]},"enabled":false},{"content":{"created":"2023-02-22T17:10:39.000+00:00","updated":"2023-02-22T17:10:39.000+00:00","id":"6104","type":"yum","label":"jb-eap-7.1-for-rhel-6-server-beta-source-rpms","name":"JBoss Enterprise Application Platform 7.1 Beta (RHEL 6 Server) (Source RPMs)","vendor":"Red Hat","contentUrl":"/content/beta/rhel/server/6/6Server/$basearch/jbeap/7.1/source/SRPMS","requiredTags":"rhel-6-server","gpgUrl":"file:///etc/pki/rpm-gpg/RPM-GPG-KEY-redhat-beta","arches":"x86,x86_64","uuid":"2c94e010867a0eae01867a1b0ece0d6c","metadataExpiration":86400,"releaseVersion":null,"modifiedProductIds":[]},"enabled":false},{"content":{"created":"2023-02-22T17:10:39.000+00:00","updated":"2023-02-22T17:10:39.000+00:00","id":"6103","type":"yum","label":"jb-eap-7.1-for-rhel-6-server-beta-rpms","name":"JBoss Enterprise Application Platform 7.1 Beta (RHEL 6 Server) (RPMs)","vendor":"Red Hat","contentUrl":"/content/beta/rhel/server/6/6Server/$basearch/jbeap/7.1/os","requiredTags":"rhel-6-server","gpgUrl":"file:///etc/pki/rpm-gpg/RPM-GPG-KEY-redhat-beta","arches":"x86,x86_64","uuid":"2c94e010867a0eae01867a1b0ece0d6d","metadataExpiration":86400,"releaseVersion":null,"modifiedProductIds":[]},"enabled":false},{"content":{"created":"2023-02-22T17:10:39.000+00:00","updated":"2023-02-22T17:10:39.000+00:00","id":"4160","type":"yum","label":"jb-eap-6.3-for-rhel-6-for-power-source-rpms","name":"JBoss Enterprise Application Platform 6.3 (RHEL 6 for IBM Power) (Source RPMs)","vendor":"Red Hat","contentUrl":"/content/dist/rhel/power/6/$releasever/$basearch/jbeap/6.3/source/SRPMS","requiredTags":"rhel-6-ibm-power","gpgUrl":"file:///etc/pki/rpm-gpg/RPM-GPG-KEY-redhat-release","arches":"ppc64","uuid":"2c94e010867a0eae01867a1b0ece0d6e","metadataExpiration":86400,"releaseVersion":null,"modifiedProductIds":[]},"enabled":false},{"content":{"created":"2023-02-22T17:10:39.000+00:00","updated":"2023-02-22T17:10:39.000+00:00","id":"4312","type":"yum","label":"jb-eap-6.4-for-rhel-6-server-rpms","name":"JBoss Enterprise Application Platform 6.4 (RHEL 6 Server) (RPMs)","vendor":"Red Hat","contentUrl":"/content/dist/rhel/server/6/$releasever/$basearch/jbeap/6.4/os","requiredTags":"rhel-6-server","gpgUrl":"file:///etc/pki/rpm-gpg/RPM-GPG-KEY-redhat-release","arches":"x86,x86_64","uuid":"2c94e010867a0eae01867a1b0ece0d6f","metadataExpiration":86400,"releaseVersion":null,"modifiedProductIds":[]},"enabled":false},{"content":{"created":"2023-02-22T17:10:39.000+00:00","updated":"2023-02-22T17:10:39.000+00:00","id":"5885","type":"yum","label":"jb-eap-6-for-rhel-6-for-power-debug-rpms","name":"JBoss Enterprise Application Platform 6 (RHEL 6 for IBM Power) (Debug RPMs)","vendor":"Red Hat","contentUrl":"/content/dist/rhel/power/6/$releasever/$basearch/jbeap/6/debug","requiredTags":"rhel-6-ibm-power","gpgUrl":"file:///etc/pki/rpm-gpg/RPM-GPG-KEY-redhat-release","arches":"ppc64","uuid":"2c94e010867a0eae01867a1b0ece0d70","metadataExpiration":86400,"releaseVersion":null,"modifiedProductIds":[]},"enabled":false},{"content":{"created":"2023-02-22T17:10:39.000+00:00","updated":"2023-02-22T17:10:39.000+00:00","id":"4158","type":"yum","label":"jb-eap-6.3-for-rhel-6-server-source-rpms","name":"JBoss Enterprise Application Platform 6.3 (RHEL 6 Server) (Source RPMs)","vendor":"Red Hat","contentUrl":"/content/dist/rhel/server/6/$releasever/$basearch/jbeap/6.3/source/SRPMS","requiredTags":"rhel-6-server","gpgUrl":"file:///etc/pki/rpm-gpg/RPM-GPG-KEY-redhat-release","arches":"x86,x86_64","uuid":"2c94e010867a0eae01867a1b0ece0d71","metadataExpiration":86400,"releaseVersion":null,"modifiedProductIds":[]},"enabled":false},{"content":{"created":"2023-02-22T17:10:39.000+00:00","updated":"2023-02-22T17:10:39.000+00:00","id":"5886","type":"yum","label":"jb-eap-6.3-for-rhel-6-for-power-debug-rpms","name":"JBoss Enterprise Application Platform 6.3 (RHEL 6 for IBM Power) (Debug RPMs)","vendor":"Red Hat","contentUrl":"/content/dist/rhel/power/6/$releasever/$basearch/jbeap/6.3/debug","requiredTags":"rhel-6-ibm-power","gpgUrl":"file:///etc/pki/rpm-gpg/RPM-GPG-KEY-redhat-release","arches":"ppc64","uuid":"2c94e010867a0eae01867a1b0ece0d72","metadataExpiration":86400,"releaseVersion":null,"modifiedProductIds":[]},"enabled":false},{"content":{"created":"2023-02-22T17:10:39.000+00:00","updated":"2023-02-22T17:10:39.000+00:00","id":"4159","type":"yum","label":"jb-eap-6.3-for-rhel-6-for-power-rpms","name":"JBoss Enterprise Application Platform 6.3 (RHEL 6 for IBM Power) (RPMs)","vendor":"Red Hat","contentUrl":"/content/dist/rhel/power/6/$releasever/$basearch/jbeap/6.3/os","requiredTags":"rhel-6-ibm-power","gpgUrl":"file:///etc/pki/rpm-gpg/RPM-GPG-KEY-redhat-release","arches":"ppc64","uuid":"2c94e010867a0eae01867a1b0ece0d73","metadataExpiration":86400,"releaseVersion":null,"modifiedProductIds":[]},"enabled":false},{"content":{"created":"2023-02-22T17:10:39.000+00:00","updated":"2023-02-22T17:10:39.000+00:00","id":"4313","type":"yum","label":"jb-eap-6.4-for-rhel-6-server-source-rpms","name":"JBoss Enterprise Application Platform 6.4 (RHEL 6 Server) (Source RPMs)","vendor":"Red Hat","contentUrl":"/content/dist/rhel/server/6/$releasever/$basearch/jbeap/6.4/source/SRPMS","requiredTags":"rhel-6-server","gpgUrl":"file:///etc/pki/rpm-gpg/RPM-GPG-KEY-redhat-release","arches":"x86,x86_64","uuid":"2c94e010867a0eae01867a1b0ecf0d74","metadataExpiration":86400,"releaseVersion":null,"modifiedProductIds":[]},"enabled":false},{"content":{"created":"2023-02-22T17:10:39.000+00:00","updated":"2023-02-22T17:10:39.000+00:00","id":"4314","type":"yum","label":"jb-eap-6.4-for-rhel-6-for-power-rpms","name":"JBoss Enterprise Application Platform 6.4 (RHEL 6 for IBM Power) (RPMs)","vendor":"Red Hat","contentUrl":"/content/dist/rhel/power/6/$releasever/$basearch/jbeap/6.4/os","requiredTags":"rhel-6-ibm-power","gpgUrl":"file:///etc/pki/rpm-gpg/RPM-GPG-KEY-redhat-release","arches":"ppc64","uuid":"2c94e010867a0eae01867a1b0ecf0d75","metadataExpiration":86400,"releaseVersion":null,"modifiedProductIds":[]},"enabled":false},{"content":{"created":"2023-02-22T17:10:39.000+00:00","updated":"2023-02-22T17:10:39.000+00:00","id":"5887","type":"yum","label":"jb-eap-6.4-for-rhel-6-for-power-debug-rpms","name":"JBoss Enterprise Application Platform 6.4 (RHEL 6 for IBM Power) (Debug RPMs)","vendor":"Red Hat","contentUrl":"/content/dist/rhel/power/6/$releasever/$basearch/jbeap/6.4/debug","requiredTags":"rhel-6-ibm-power","gpgUrl":"file:///etc/pki/rpm-gpg/RPM-GPG-KEY-redhat-release","arches":"ppc64","uuid":"2c94e010867a0eae01867a1b0ecf0d76","metadataExpiration":86400,"releaseVersion":null,"modifiedProductIds":[]},"enabled":false},{"content":{"created":"2023-02-22T17:10:39.000+00:00","updated":"2023-02-22T17:10:39.000+00:00","id":"4315","type":"yum","label":"jb-eap-6.4-for-rhel-6-for-power-source-rpms","name":"JBoss Enterprise Application Platform 6.4 (RHEL 6 for IBM Power) (Source RPMs)","vendor":"Red Hat","contentUrl":"/content/dist/rhel/power/6/$releasever/$basearch/jbeap/6.4/source/SRPMS","requiredTags":"rhel-6-ibm-power","gpgUrl":"file:///etc/pki/rpm-gpg/RPM-GPG-KEY-redhat-release","arches":"ppc64","uuid":"2c94e010867a0eae01867a1b0ecf0d77","metadataExpiration":86400,"releaseVersion":null,"modifiedProductIds":[]},"enabled":false},{"content":{"created":"2023-02-22T17:10:39.000+00:00","updated":"2023-02-22T17:10:39.000+00:00","id":"4316","type":"yum","label":"jb-eap-6.4-for-rhel-7-for-power-rpms","name":"JBoss Enterprise Application Platform 6.4 (RHEL 7 for IBM Power) (RPMs)","vendor":"Red Hat","contentUrl":"/content/dist/rhel/power/7/$releasever/$basearch/jbeap/6.4/os","requiredTags":"rhel-7-ibm-power","gpgUrl":"file:///etc/pki/rpm-gpg/RPM-GPG-KEY-redhat-release","arches":"ppc64","uuid":"2c94e010867a0eae01867a1b0ecf0d78","metadataExpiration":86400,"releaseVersion":null,"modifiedProductIds":[]},"enabled":false},{"content":{"created":"2023-02-22T17:10:39.000+00:00","updated":"2023-02-22T17:10:39.000+00:00","id":"4317","type":"yum","label":"jb-eap-6.4-for-rhel-7-for-power-source-rpms","name":"JBoss Enterprise Application Platform 6.4 (RHEL 7 for IBM Power) (Source RPMs)","vendor":"Red Hat","contentUrl":"/content/dist/rhel/power/7/$releasever/$basearch/jbeap/6.4/source/SRPMS","requiredTags":"rhel-7-ibm-power","gpgUrl":"file:///etc/pki/rpm-gpg/RPM-GPG-KEY-redhat-release","arches":"ppc64","uuid":"2c94e010867a0eae01867a1b0ecf0d79","metadataExpiration":86400,"releaseVersion":null,"modifiedProductIds":[]},"enabled":false},{"content":{"created":"2023-02-22T17:10:39.000+00:00","updated":"2023-02-22T17:10:39.000+00:00","id":"4318","type":"yum","label":"jb-eap-6.4-for-rhel-7-for-power-debug-rpms","name":"JBoss Enterprise Application Platform 6.4 (RHEL 7 for IBM Power) (Debug RPMs)","vendor":"Red Hat","contentUrl":"/content/dist/rhel/power/7/$releasever/$basearch/jbeap/6.4/debug","requiredTags":"rhel-7-ibm-power","gpgUrl":"file:///etc/pki/rpm-gpg/RPM-GPG-KEY-redhat-release","arches":"ppc64","uuid":"2c94e010867a0eae01867a1b0ecf0d7a","metadataExpiration":86400,"releaseVersion":null,"modifiedProductIds":[]},"enabled":false},{"content":{"created":"2023-02-22T17:10:39.000+00:00","updated":"2023-02-22T17:10:39.000+00:00","id":"4319","type":"yum","label":"jb-eap-6.4-for-rhel-7-server-rpms","name":"JBoss Enterprise Application Platform 6.4 (RHEL 7 Server) (RPMs)","vendor":"Red Hat","contentUrl":"/content/dist/rhel/server/7/$releasever/$basearch/jbeap/6.4/os","requiredTags":"rhel-7-server","gpgUrl":"file:///etc/pki/rpm-gpg/RPM-GPG-KEY-redhat-release","arches":"x86_64","uuid":"2c94e010867a0eae01867a1b0ecf0d7b","metadataExpiration":86400,"releaseVersion":null,"modifiedProductIds":[]},"enabled":false}],"dependentProductIds":[]}