{"created":"2023-02-22T17:10:47.000+00:00","updated":"2023-02-22T17:10:47.000+00:00","uuid":"2c94d5e8867a0ea101867a1b30f319fd","multiplier":1,"id":"311","name":"Red Hat Single Sign-On","attributes":[{"name":"name","value":"Red Hat Single Sign-On"},{"name":"arch","value":"x86_64"},{"name":"type","value":"SVC"}],"derivedProduct":null,"providedProducts":[],"productContent":[{"content":{"created":"2023-02-22T17:10:47.000+00:00","updated":"2023-02-22T17:10:47.000+00:00","id":"9146","type":"yum","label":"rh-sso-7.4-for-rhel-6-server-debug-rpms","name":"Single Sign-On 7.4 (RHEL 6 Server) (Debug RPMs)","vendor":"Red Hat","contentUrl":"/content/dist/rhel/server/6/6Server/$basearch/rh-sso/7.4/debug","requiredTags":"rhel-6-server","gpgUrl":"file:///etc/pki/rpm-gpg/RPM-GPG-KEY-redhat-release","arches":"x86_64","uuid":"2c94d5e8867a0ea101867a1b30f219ce","metadataExpiration":86400,"releaseVersion":null,"modifiedProductIds":[]},"enabled":false},{"content":{"created":"2023-02-22T17:10:47.000+00:00","updated":"2023-02-22T17:10:47.000+00:00","id":"9147","type":"yum","label":"rh-sso-7.4-for-rhel-7-server-rpms","name":"Single Sign-On 7.4 (RHEL 7 Server) (RPMs)","vendor":"Red Hat","contentUrl":"/content/dist/rhel/server/7/7Server/$basearch/rh-sso/7.4/os","requiredTags":"rhel-7-server","gpgUrl":"file:///etc/pki/rpm-gpg/RPM-GPG-KEY-redhat-release","arches":"x86_64","uuid":"2c94d5e8867a0ea101867a1b30f319cf","metadataExpiration":86400,"releaseVersion":null,"modifiedProductIds":[]},"enabled":false},{"content":{"created":"2023-02-22T17:10:47.000+00:00","updated":"2023-02-22T17:10:47.000+00:00","id":"9144","type":"yum","label":"rh-sso-7.4-for-rhel-6-server-rpms","name":"Single Sign-On 7.4 (RHEL 6 Server) (RPMs)","vendor":"Red Hat","contentUrl":"/content/dist/rhel/server/6/6Server/$basearch/rh-sso/7.4/os","requiredTags":"rhel-6-server","gpgUrl":"file:///etc/pki/rpm-gpg/RPM-GPG-KEY-redhat-release","arches":"x86_64","uuid":"2c94d5e8867a0ea101867a1b30f319d0","metadataExpiration":86400,"releaseVersion":null,"modifiedProductIds":[]},"enabled":false},{"content":{"created":"2023-02-22T17:10:47.000+00:00","updated":"2023-02-22T17:10:47.000+00:00","id":"9145","type":"yum","label":"rh-sso-7.4-for-rhel-6-server-source-rpms","name":"Single Sign-On 7.4 (RHEL 6 Server) (Source RPMs)","vendor":"Red Hat","contentUrl":"/content/dist/rhel/server/6/6Server/$basearch/rh-sso/7.4/source/SRPMS","requiredTags":"rhel-6-server","gpgUrl":"file:///etc/pki/rpm-gpg/RPM-GPG-KEY-redhat-release","arches":"x86_64","uuid":"2c94d5e8867a0ea101867a1b30f319d1","metadataExpiration":86400,"releaseVersion":null,"modifiedProductIds":[]},"enabled":false},{"content":{"created":"2023-02-22T17:10:47.000+00:00","updated":"2023-02-22T17:10:47.000+00:00","id":"6112","type":"yum","label":"rh-sso-textonly-1-for-middleware-rpms","name":"Single Sign-On Text-Only Advisories","vendor":"Red Hat","contentUrl":"/content/dist/middleware/rh-sso/1.0/$basearch/os","requiredTags":null,"gpgUrl":"file://","arches":"x86_64","uuid":"2c94d5e8867a0ea101867a1b30f319d2","metadataExpiration":86400,"releaseVersion":null,"modifiedProductIds":[]},"enabled":false},{"content":{"created":"2023-02-22T17:10:47.000+00:00","updated":"2023-02-22T17:10:47.000+00:00","id":"9148","type":"yum","label":"rh-sso-7.4-for-rhel-7-server-source-rpms","name":"Single Sign-On 7.4 (RHEL 7 Server) (Source RPMs)","vendor":"Red Hat","contentUrl":"/content/dist/rhel/server/7/7Server/$basearch/rh-sso/7.4/source/SRPMS","requiredTags":"rhel-7-server","gpgUrl":"file:///etc/pki/rpm-gpg/RPM-GPG-KEY-redhat-release","arches":"x86_64","uuid":"2c94d5e8867a0ea101867a1b30f319d3","metadataExpiration":86400,"releaseVersion":null,"modifiedProductIds":[]},"enabled":false},{"content":{"created":"2023-02-22T17:10:47.000+00:00","updated":"2023-02-22T17:10:47.000+00:00","id":"5520","type":"yum","label":"rh-sso-7.1-for-rhel-6-server-debug-rpms","name":"Single Sign-On 7.1 (RHEL 6 Server) (Debug RPMs)","vendor":"Red Hat","contentUrl":"/content/dist/rhel/server/6/6Server/$basearch/rh-sso/7.1/debug","requiredTags":"rhel-6-server","gpgUrl":"file:///etc/pki/rpm-gpg/RPM-GPG-KEY-redhat-release","arches":"x86_64","uuid":"2c94d5e8867a0ea101867a1b30f319d4","metadataExpiration":86400,"releaseVersion":null,"modifiedProductIds":[]},"enabled":false},{"content":{"created":"2023-02-22T17:10:47.000+00:00","updated":"2023-02-22T17:10:47.000+00:00","id":"9149","type":"yum","label":"rh-sso-7.4-for-rhel-7-server-debug-rpms","name":"Single Sign-On 7.4 (RHEL 7 Server) (Debug RPMs)","vendor":"Red Hat","contentUrl":"/content/dist/rhel/server/7/7Server/$basearch/rh-sso/7.4/debug","requiredTags":"rhel-7-server","gpgUrl":"file:///etc/pki/rpm-gpg/RPM-GPG-KEY-redhat-release","arches":"x86_64","uuid":"2c94d5e8867a0ea101867a1b30f319d5","metadataExpiration":86400,"releaseVersion":null,"modifiedProductIds":[]},"enabled":false},{"content":{"created":"2023-02-22T17:10:47.000+00:00","updated":"2023-02-22T17:10:47.000+00:00","id":"5521","type":"yum","label":"rh-sso-7.1-for-rhel-7-server-rpms","name":"Single Sign-On 7.1 (RHEL 7 Server) (RPMs)","vendor":"Red Hat","contentUrl":"/content/dist/rhel/server/7/7Server/$basearch/rh-sso/7.1/os","requiredTags":"rhel-7-server","gpgUrl":"file:///etc/pki/rpm-gpg/RPM-GPG-KEY-redhat-release","arches":"x86_64","uuid":"2c94d5e8867a0ea101867a1b30f319d6","metadataExpiration":86400,"releaseVersion":null,"modifiedProductIds":[]},"enabled":false},{"content":{"created":"2023-02-22T17:10:47.000+00:00","updated":"2023-02-22T17:10:47.000+00:00","id":"5519","type":"yum","label":"rh-sso-7.1-for-rhel-6-server-source-rpms","name":"Single Sign-On 7.1 (RHEL 6 Server) (Source RPMs)","vendor":"Red Hat","contentUrl":"/content/dist/rhel/server/6/6Server/$basearch/rh-sso/7.1/source/SRPMS","requiredTags":"rhel-6-server","gpgUrl":"file:///etc/pki/rpm-gpg/RPM-GPG-KEY-redhat-release","arches":"x86_64","uuid":"2c94d5e8867a0ea101867a1b30f319d7","metadataExpiration":86400,"releaseVersion":null,"modifiedProductIds":[]},"enabled":false},{"content":{"created":"2023-02-22T17:10:47.000+00:00","updated":"2023-02-22T17:10:47.000+00:00","id":"11768","type":"yum","label":"rh-sso-7.5-for-rhel-7-server-source-rpms","name":"Single Sign-On 7.5 (RHEL 7 Server) (Source RPMs)","vendor":"Red Hat","contentUrl":"/content/dist/rhel/server/7/7Server/$basearch/rh-sso/7.5/source/SRPMS","requiredTags":"rhel-7-server","gpgUrl":"file:///etc/pki/rpm-gpg/RPM-GPG-KEY-redhat-release","arches":"x86_64","uuid":"2c94d5e8867a0ea101867a1b30f319d8","metadataExpiration":86400,"releaseVersion":null,"modifiedProductIds":[]},"enabled":false},{"content":{"created":"2023-02-22T17:10:47.000+00:00","updated":"2023-02-22T17:10:47.000+00:00","id":"12737","type":"yum","label":"rh-sso-7.6-for-rhel-7-server-rpms","name":"Single Sign-On 7.6 (RHEL 7 Server) (RPMs)","vendor":"Red Hat","contentUrl":"/content/dist/rhel/server/7/7Server/$basearch/rh-sso/7.6/os","requiredTags":"rhel-7-server","gpgUrl":"file:///etc/pki/rpm-gpg/RPM-GPG-KEY-redhat-release","arches":"x86_64","uuid":"2c94d5e8867a0ea101867a1b30f319d9","metadataExpiration":86400,"releaseVersion":null,"modifiedProductIds":[]},"enabled":false},{"content":{"created":"2023-02-22T17:10:47.000+00:00","updated":"2023-02-22T17:10:47.000+00:00","id":"12738","type":"yum","label":"rh-sso-7.6-for-rhel-7-server-source-rpms","name":"Single Sign-On 7.6 (RHEL 7 Server) (Source RPMs)","vendor":"Red Hat","contentUrl":"/content/dist/rhel/server/7/7Server/$basearch/rh-sso/7.6/source/SRPMS","requiredTags":"rhel-7-server","gpgUrl":"file:///etc/pki/rpm-gpg/RPM-GPG-KEY-redhat-release","arches":"x86_64","uuid":"2c94d5e8867a0ea101867a1b30f319da","metadataExpiration":86400,"releaseVersion":null,"modifiedProductIds":[]},"enabled":false},{"content":{"created":"2023-02-22T17:10:47.000+00:00","updated":"2023-02-22T17:10:47.000+00:00","id":"12914","type":"yum","label":"rh-sso-7.6-for-rhel-9-x86_64-rpms","name":"Single Sign-On 7.6 for RHEL 9 x86_64 (RPMs)","vendor":"Red Hat","contentUrl":"/content/dist/layered/rhel9/x86_64/rh-sso/7.6/os","requiredTags":"rhel-9-x86_64","gpgUrl":"file:///etc/pki/rpm-gpg/RPM-GPG-KEY-redhat-release","arches":"x86_64","uuid":"2c94d5e8867a0ea101867a1b30f319db","metadataExpiration":86400,"releaseVersion":null,"modifiedProductIds":[]},"enabled":false},{"content":{"created":"2023-02-22T17:10:47.000+00:00","updated":"2023-02-22T17:10:47.000+00:00","id":"11767","type":"yum","label":"rh-sso-7.5-for-rhel-7-server-rpms","name":"Single Sign-On 7.5 (RHEL 7 Server) (RPMs)","vendor":"Red Hat","contentUrl":"/content/dist/rhel/server/7/7Server/$basearch/rh-sso/7.5/os","requiredTags":"rhel-7-server","gpgUrl":"file:///etc/pki/rpm-gpg/RPM-GPG-KEY-redhat-release","arches":"x86_64","uuid":"2c94d5e8867a0ea101867a1b30f319dc","metadataExpiration":86400,"releaseVersion":null,"modifiedProductIds":[]},"enabled":false},{"content":{"created":"2023-02-22T17:10:47.000+00:00","updated":"2023-02-22T17:10:47.000+00:00","id":"11769","type":"yum","label":"rh-sso-7.5-for-rhel-7-server-debug-rpms","name":"Single Sign-On 7.5 (RHEL 7 Server) (Debug RPMs)","vendor":"Red Hat","contentUrl":"/content/dist/rhel/server/7/7Server/$basearch/rh-sso/7.5/debug","requiredTags":"rhel-7-server","gpgUrl":"file:///etc/pki/rpm-gpg/RPM-GPG-KEY-redhat-release","arches":"x86_64","uuid":"2c94d5e8867a0ea101867a1b30f319dd","metadataExpiration":86400,"releaseVersion":null,"modifiedProductIds":[]},"enabled":false},{"content":{"created":"2023-02-22T17:10:47.000+00:00","updated":"2023-02-22T17:10:47.000+00:00","id":"12739","type":"yum","label":"rh-sso-7.6-for-rhel-7-server-debug-rpms","name":"Single Sign-On 7.6 (RHEL 7 Server) (Debug RPMs)","vendor":"Red Hat","contentUrl":"/content/dist/rhel/server/7/7Server/$basearch/rh-sso/7.6/debug","requiredTags":"rhel-7-server","gpgUrl":"file:///etc/pki/rpm-gpg/RPM-GPG-KEY-redhat-release","arches":"x86_64","uuid":"2c94d5e8867a0ea101867a1b30f319de","metadataExpiration":86400,"releaseVersion":null,"modifiedProductIds":[]},"enabled":false},{"content":{"created":"2023-02-22T17:10:47.000+00:00","updated":"2023-02-22T17:10:47.000+00:00","id":"12915","type":"yum","label":"rh-sso-7.6-for-rhel-9-x86_64-debug-rpms","name":"Single Sign-On 7.6 for RHEL 9 x86_64 (Debug RPMs)","vendor":"Red Hat","contentUrl":"/content/dist/layered/rhel9/x86_64/rh-sso/7.6/debug","requiredTags":"rhel-9-x86_64","gpgUrl":"file:///etc/pki/rpm-gpg/RPM-GPG-KEY-redhat-release","arches":"x86_64","uuid":"2c94d5e8867a0ea101867a1b30f319df","metadataExpiration":86400,"releaseVersion":null,"modifiedProductIds":[]},"enabled":false},{"content":{"created":"2023-02-22T17:10:47.000+00:00","updated":"2023-02-22T17:10:47.000+00:00","id":"12916","type":"yum","label":"rh-sso-7.6-for-rhel-9-x86_64-source-rpms","name":"Single Sign-On 7.6 for RHEL 9 x86_64 (Source RPMs)","vendor":"Red Hat","contentUrl":"/content/dist/layered/rhel9/x86_64/rh-sso/7.6/source/SRPMS","requiredTags":"rhel-9-x86_64","gpgUrl":"file:///etc/pki/rpm-gpg/RPM-GPG-KEY-redhat-release","arches":"x86_64","uuid":"2c94d5e8867a0ea101867a1b30f319e0","metadataExpiration":86400,"releaseVersion":null,"modifiedProductIds":[]},"enabled":false},{"content":{"created":"2023-02-22T17:10:47.000+00:00","updated":"2023-02-22T17:10:47.000+00:00","id":"7910","type":"yum","label":"rh-sso-7.3-for-rhel-6-server-rpms","name":"Single Sign-On 7.3 (RHEL 6 Server) (RPMs)","vendor":"Red Hat","contentUrl":"/content/dist/rhel/server/6/6Server/$basearch/rh-sso/7.3/os","requiredTags":"rhel-6-server","gpgUrl":"file:///etc/pki/rpm-gpg/RPM-GPG-KEY-redhat-release","arches":"x86_64","uuid":"2c94d5e8867a0ea101867a1b30f319e1","metadataExpiration":86400,"releaseVersion":null,"modifiedProductIds":[]},"enabled":false},{"content":{"created":"2023-02-22T17:10:47.000+00:00","updated":"2023-02-22T17:10:47.000+00:00","id":"7912","type":"yum","label":"rh-sso-7.3-for-rhel-6-server-debug-rpms","name":"Single Sign-On 7.3 (RHEL 6 Server) (Debug RPMs)","vendor":"Red Hat","contentUrl":"/content/dist/rhel/server/6/6Server/$basearch/rh-sso/7.3/debug","requiredTags":"rhel-6-server","gpgUrl":"file:///etc/pki/rpm-gpg/RPM-GPG-KEY-redhat-release","arches":"x86_64","uuid":"2c94d5e8867a0ea101867a1b30f319e2","metadataExpiration":86400,"releaseVersion":null,"modifiedProductIds":[]},"enabled":false},{"content":{"created":"2023-02-22T17:10:47.000+00:00","updated":"2023-02-22T17:10:47.000+00:00","id":"7911","type":"yum","label":"rh-sso-7.3-for-rhel-6-server-source-rpms","name":"Single Sign-On 7.3 (RHEL 6 Server) (Source RPMs)","vendor":"Red Hat","contentUrl":"/content/dist/rhel/server/6/6Server/$basearch/rh-sso/7.3/source/SRPMS","requiredTags":"rhel-6-server","gpgUrl":"file:///etc/pki/rpm-gpg/RPM-GPG-KEY-redhat-release","arches":"x86_64","uuid":"2c94d5e8867a0ea101867a1b30f319e3","metadataExpiration":86400,"releaseVersion":null,"modifiedProductIds":[]},"enabled":false},{"content":{"created":"2023-02-22T17:10:47.000+00:00","updated":"2023-02-22T17:10:47.000+00:00","id":"7914","type":"yum","label":"rh-sso-7.3-for-rhel-7-server-source-rpms","name":"Single Sign-On 7.3 (RHEL 7 Server) (Source RPMs)","vendor":"Red Hat","contentUrl":"/content/dist/rhel/server/7/7Server/$basearch/rh-sso/7.3/source/SRPMS","requiredTags":"rhel-7-server","gpgUrl":"file:///etc/pki/rpm-gpg/RPM-GPG-KEY-redhat-release","arches":"x86_64","uuid":"2c94d5e8867a0ea101867a1b30f319e4","metadataExpiration":86400,"releaseVersion":null,"modifiedProductIds":[]},"enabled":false},{"content":{"created":"2023-02-22T17:10:47.000+00:00","updated":"2023-02-22T17:10:47.000+00:00","id":"8707","type":"yum","label":"rh-sso-7.3-for-rhel-8-x86_64-debug-rpms","name":"Single Sign-On 7.3 for RHEL 8 x86_64 (Debug RPMs)","vendor":"Red Hat","contentUrl":"/content/dist/layered/rhel8/x86_64/rh-sso/7.3/debug","requiredTags":"rhel-8-x86_64","gpgUrl":"file:///etc/pki/rpm-gpg/RPM-GPG-KEY-redhat-release","arches":"x86_64","uuid":"2c94d5e8867a0ea101867a1b30f319e5","metadataExpiration":86400,"releaseVersion":null,"modifiedProductIds":[]},"enabled":false},{"content":{"created":"2023-02-22T17:10:47.000+00:00","updated":"2023-02-22T17:10:47.000+00:00","id":"8708","type":"yum","label":"rh-sso-7.3-for-rhel-8-x86_64-source-rpms","name":"Single Sign-On 7.3 for RHEL 8 x86_64 (Source RPMs)","vendor":"Red Hat","contentUrl":"/content/dist/layered/rhel8/x86_64/rh-sso/7.3/source/SRPMS","requiredTags":"rhel-8-x86_64","gpgUrl":"file:///etc/pki/rpm-gpg/RPM-GPG-KEY-redhat-release","arches":"x86_64","uuid":"2c94d5e8867a0ea101867a1b30f319e6","metadataExpiration":86400,"releaseVersion":null,"modifiedProductIds":[]},"enabled":false},{"content":{"created":"2023-02-22T17:10:47.000+00:00","updated":"2023-02-22T17:10:47.000+00:00","id":"7913","type":"yum","label":"rh-sso-7.3-for-rhel-7-server-rpms","name":"Single Sign-On 7.3 (RHEL 7 Server) (RPMs)","vendor":"Red Hat","contentUrl":"/content/dist/rhel/server/7/7Server/$basearch/rh-sso/7.3/os","requiredTags":"rhel-7-server","gpgUrl":"file:///etc/pki/rpm-gpg/RPM-GPG-KEY-redhat-release","arches":"x86_64","uuid":"2c94d5e8867a0ea101867a1b30f319e7","metadataExpiration":86400,"releaseVersion":null,"modifiedProductIds":[]},"enabled":false},{"content":{"created":"2023-02-22T17:10:47.000+00:00","updated":"2023-02-22T17:10:47.000+00:00","id":"5518","type":"yum","label":"rh-sso-7.1-for-rhel-6-server-rpms","name":"Single Sign-On 7.1 (RHEL 6 Server) (RPMs)","vendor":"Red Hat","contentUrl":"/content/dist/rhel/server/6/6Server/$basearch/rh-sso/7.1/os","requiredTags":"rhel-6-server","gpgUrl":"file:///etc/pki/rpm-gpg/RPM-GPG-KEY-redhat-release","arches":"x86_64","uuid":"2c94d5e8867a0ea101867a1b30f319e8","metadataExpiration":86400,"releaseVersion":null,"modifiedProductIds":[]},"enabled":false},{"content":{"created":"2023-02-22T17:10:47.000+00:00","updated":"2023-02-22T17:10:47.000+00:00","id":"8706","type":"yum","label":"rh-sso-7.3-for-rhel-8-x86_64-rpms","name":"Single Sign-On 7.3 for RHEL 8 x86_64 (RPMs)","vendor":"Red Hat","contentUrl":"/content/dist/layered/rhel8/x86_64/rh-sso/7.3/os","requiredTags":"rhel-8-x86_64","gpgUrl":"file:///etc/pki/rpm-gpg/RPM-GPG-KEY-redhat-release","arches":"x86_64","uuid":"2c94d5e8867a0ea101867a1b30f319e9","metadataExpiration":86400,"releaseVersion":null,"modifiedProductIds":[]},"enabled":false},{"content":{"created":"2023-02-22T17:10:47.000+00:00","updated":"2023-02-22T17:10:47.000+00:00","id":"7915","type":"yum","label":"rh-sso-7.3-for-rhel-7-server-debug-rpms","name":"Single Sign-On 7.3 (RHEL 7 Server) (Debug RPMs)","vendor":"Red Hat","contentUrl":"/content/dist/rhel/server/7/7Server/$basearch/rh-sso/7.3/debug","requiredTags":"rhel-7-server","gpgUrl":"file:///etc/pki/rpm-gpg/RPM-GPG-KEY-redhat-release","arches":"x86_64","uuid":"2c94d5e8867a0ea101867a1b30f319ea","metadataExpiration":86400,"releaseVersion":null,"modifiedProductIds":[]},"enabled":false},{"content":{"created":"2023-02-22T17:10:47.000+00:00","updated":"2023-02-22T17:10:47.000+00:00","id":"5970","type":"yum","label":"rh-sso-7.2-for-rhel-7-server-rpms","name":"Single Sign-On 7.2 (RHEL 7 Server) (RPMs)","vendor":"Red Hat","contentUrl":"/content/dist/rhel/server/7/7Server/$basearch/rh-sso/7.2/os","requiredTags":"rhel-7-server","gpgUrl":"file:///etc/pki/rpm-gpg/RPM-GPG-KEY-redhat-release","arches":"x86_64","uuid":"2c94d5e8867a0ea101867a1b30f319eb","metadataExpiration":86400,"releaseVersion":null,"modifiedProductIds":[]},"enabled":false},{"content":{"created":"2023-02-22T17:10:47.000+00:00","updated":"2023-02-22T17:10:47.000+00:00","id":"5971","type":"yum","label":"rh-sso-7.2-for-rhel-7-server-source-rpms","name":"Single Sign-On 7.2 (RHEL 7 Server) (Source RPMs)","vendor":"Red Hat","contentUrl":"/content/dist/rhel/server/7/7Server/$basearch/rh-sso/7.2/source/SRPMS","requiredTags":"rhel-7-server","gpgUrl":"file:///etc/pki/rpm-gpg/RPM-GPG-KEY-redhat-release","arches":"x86_64","uuid":"2c94d5e8867a0ea101867a1b30f319ec","metadataExpiration":86400,"releaseVersion":null,"modifiedProductIds":[]},"enabled":false},{"content":{"created":"2023-02-22T17:10:47.000+00:00","updated":"2023-02-22T17:10:47.000+00:00","id":"5972","type":"yum","label":"rh-sso-7.2-for-rhel-7-server-debug-rpms","name":"Single Sign-On 7.2 (RHEL 7 Server) (Debug RPMs)","vendor":"Red Hat","contentUrl":"/content/dist/rhel/server/7/7Server/$basearch/rh-sso/7.2/debug","requiredTags":"rhel-7-server","gpgUrl":"file:///etc/pki/rpm-gpg/RPM-GPG-KEY-redhat-release","arches":"x86_64","uuid":"2c94d5e8867a0ea101867a1b30f319ed","metadataExpiration":86400,"releaseVersion":null,"modifiedProductIds":[]},"enabled":false},{"content":{"created":"2023-02-22T17:10:47.000+00:00","updated":"2023-02-22T17:10:47.000+00:00","id":"9150","type":"yum","label":"rh-sso-7.4-for-rhel-8-x86_64-rpms","name":"Single Sign-On 7.4 for RHEL 8 x86_64 (RPMs)","vendor":"Red Hat","contentUrl":"/content/dist/layered/rhel8/x86_64/rh-sso/7.4/os","requiredTags":"rhel-8-x86_64","gpgUrl":"file:///etc/pki/rpm-gpg/RPM-GPG-KEY-redhat-release","arches":"x86_64","uuid":"2c94d5e8867a0ea101867a1b30f319ee","metadataExpiration":86400,"releaseVersion":null,"modifiedProductIds":[]},"enabled":false},{"content":{"created":"2023-02-22T17:10:47.000+00:00","updated":"2023-02-22T17:10:47.000+00:00","id":"9151","type":"yum","label":"rh-sso-7.4-for-rhel-8-x86_64-debug-rpms","name":"Single Sign-On 7.4 for RHEL 8 x86_64 (Debug RPMs)","vendor":"Red Hat","contentUrl":"/content/dist/layered/rhel8/x86_64/rh-sso/7.4/debug","requiredTags":"rhel-8-x86_64","gpgUrl":"file:///etc/pki/rpm-gpg/RPM-GPG-KEY-redhat-release","arches":"x86_64","uuid":"2c94d5e8867a0ea101867a1b30f319ef","metadataExpiration":86400,"releaseVersion":null,"modifiedProductIds":[]},"enabled":false},{"content":{"created":"2023-02-22T17:10:47.000+00:00","updated":"2023-02-22T17:10:47.000+00:00","id":"9152","type":"yum","label":"rh-sso-7.4-for-rhel-8-x86_64-source-rpms","name":"Single Sign-On 7.4 for RHEL 8 x86_64 (Source RPMs)","vendor":"Red Hat","contentUrl":"/content/dist/layered/rhel8/x86_64/rh-sso/7.4/source/SRPMS","requiredTags":"rhel-8-x86_64","gpgUrl":"file:///etc/pki/rpm-gpg/RPM-GPG-KEY-redhat-release","arches":"x86_64","uuid":"2c94d5e8867a0ea101867a1b30f319f0","metadataExpiration":86400,"releaseVersion":null,"modifiedProductIds":[]},"enabled":false},{"content":{"created":"2023-02-22T17:10:47.000+00:00","updated":"2023-02-22T17:10:47.000+00:00","id":"5522","type":"yum","label":"rh-sso-7.1-for-rhel-7-server-source-rpms","name":"Single Sign-On 7.1 (RHEL 7 Server) (Source RPMs)","vendor":"Red Hat","contentUrl":"/content/dist/rhel/server/7/7Server/$basearch/rh-sso/7.1/source/SRPMS","requiredTags":"rhel-7-server","gpgUrl":"file:///etc/pki/rpm-gpg/RPM-GPG-KEY-redhat-release","arches":"x86_64","uuid":"2c94d5e8867a0ea101867a1b30f319f1","metadataExpiration":86400,"releaseVersion":null,"modifiedProductIds":[]},"enabled":false},{"content":{"created":"2023-02-22T17:10:47.000+00:00","updated":"2023-02-22T17:10:47.000+00:00","id":"12740","type":"yum","label":"rh-sso-7.6-for-rhel-8-x86_64-rpms","name":"Single Sign-On 7.6 for RHEL 8 x86_64 (RPMs)","vendor":"Red Hat","contentUrl":"/content/dist/layered/rhel8/x86_64/rh-sso/7.6/os","requiredTags":"rhel-8-x86_64","gpgUrl":"file:///etc/pki/rpm-gpg/RPM-GPG-KEY-redhat-release","arches":"x86_64","uuid":"2c94d5e8867a0ea101867a1b30f319f2","metadataExpiration":86400,"releaseVersion":null,"modifiedProductIds":[]},"enabled":false},{"content":{"created":"2023-02-22T17:10:47.000+00:00","updated":"2023-02-22T17:10:47.000+00:00","id":"11771","type":"yum","label":"rh-sso-7.5-for-rhel-8-x86_64-debug-rpms","name":"Single Sign-On 7.5 for RHEL 8 x86_64 (Debug RPMs)","vendor":"Red Hat","contentUrl":"/content/dist/layered/rhel8/x86_64/rh-sso/7.5/debug","requiredTags":"rhel-8-x86_64","gpgUrl":"file:///etc/pki/rpm-gpg/RPM-GPG-KEY-redhat-release","arches":"x86_64","uuid":"2c94d5e8867a0ea101867a1b30f319f3","metadataExpiration":86400,"releaseVersion":null,"modifiedProductIds":[]},"enabled":false},{"content":{"created":"2023-02-22T17:10:47.000+00:00","updated":"2023-02-22T17:10:47.000+00:00","id":"12741","type":"yum","label":"rh-sso-7.6-for-rhel-8-x86_64-debug-rpms","name":"Single Sign-On 7.6 for RHEL 8 x86_64 (Debug RPMs)","vendor":"Red Hat","contentUrl":"/content/dist/layered/rhel8/x86_64/rh-sso/7.6/debug","requiredTags":"rhel-8-x86_64","gpgUrl":"file:///etc/pki/rpm-gpg/RPM-GPG-KEY-redhat-release","arches":"x86_64","uuid":"2c94d5e8867a0ea101867a1b30f319f4","metadataExpiration":86400,"releaseVersion":null,"modifiedProductIds":[]},"enabled":false},{"content":{"created":"2023-02-22T17:10:47.000+00:00","updated":"2023-02-22T17:10:47.000+00:00","id":"5523","type":"yum","label":"rh-sso-7.1-for-rhel-7-server-debug-rpms","name":"Single Sign-On 7.1 (RHEL 7 Server) (Debug RPMs)","vendor":"Red Hat","contentUrl":"/content/dist/rhel/server/7/7Server/$basearch/rh-sso/7.1/debug","requiredTags":"rhel-7-server","gpgUrl":"file:///etc/pki/rpm-gpg/RPM-GPG-KEY-redhat-release","arches":"x86_64","uuid":"2c94d5e8867a0ea101867a1b30f319f5","metadataExpiration":86400,"releaseVersion":null,"modifiedProductIds":[]},"enabled":false},{"content":{"created":"2023-02-22T17:10:47.000+00:00","updated":"2023-02-22T17:10:47.000+00:00","id":"4896","type":"file","label":"rh-sso-7.0-for-middleware-files","name":"Single Sign-On","vendor":"Red Hat","contentUrl":"/content/dist/middleware/rh-sso/7.0/$basearch/files","requiredTags":null,"gpgUrl":"file://","arches":null,"uuid":"2c94d5e8867a0ea101867a1b30f319f6","metadataExpiration":86400,"releaseVersion":null,"modifiedProductIds":[]},"enabled":false},{"content":{"created":"2023-02-22T17:10:47.000+00:00","updated":"2023-02-22T17:10:47.000+00:00","id":"11770","type":"yum","label":"rh-sso-7.5-for-rhel-8-x86_64-rpms","name":"Single Sign-On 7.5 for RHEL 8 x86_64 (RPMs)","vendor":"Red Hat","contentUrl":"/content/dist/layered/rhel8/x86_64/rh-sso/7.5/os","requiredTags":"rhel-8-x86_64","gpgUrl":"file:///etc/pki/rpm-gpg/RPM-GPG-KEY-redhat-release","arches":"x86_64","uuid":"2c94d5e8867a0ea101867a1b30f319f7","metadataExpiration":86400,"releaseVersion":null,"modifiedProductIds":[]},"enabled":false},{"content":{"created":"2023-02-22T17:10:47.000+00:00","updated":"2023-02-22T17:10:47.000+00:00","id":"11772","type":"yum","label":"rh-sso-7.5-for-rhel-8-x86_64-source-rpms","name":"Single Sign-On 7.5 for RHEL 8 x86_64 (Source RPMs)","vendor":"Red Hat","contentUrl":"/content/dist/layered/rhel8/x86_64/rh-sso/7.5/source/SRPMS","requiredTags":"rhel-8-x86_64","gpgUrl":"file:///etc/pki/rpm-gpg/RPM-GPG-KEY-redhat-release","arches":"x86_64","uuid":"2c94d5e8867a0ea101867a1b30f319f8","metadataExpiration":86400,"releaseVersion":null,"modifiedProductIds":[]},"enabled":false},{"content":{"created":"2023-02-22T17:10:47.000+00:00","updated":"2023-02-22T17:10:47.000+00:00","id":"5967","type":"yum","label":"rh-sso-7.2-for-rhel-6-server-rpms","name":"Single Sign-On 7.2 (RHEL 6 Server) (RPMs)","vendor":"Red Hat","contentUrl":"/content/dist/rhel/server/6/6Server/$basearch/rh-sso/7.2/os","requiredTags":"rhel-6-server","gpgUrl":"file:///etc/pki/rpm-gpg/RPM-GPG-KEY-redhat-release","arches":"x86_64","uuid":"2c94d5e8867a0ea101867a1b30f319f9","metadataExpiration":86400,"releaseVersion":null,"modifiedProductIds":[]},"enabled":false},{"content":{"created":"2023-02-22T17:10:47.000+00:00","updated":"2023-02-22T17:10:47.000+00:00","id":"5968","type":"yum","label":"rh-sso-7.2-for-rhel-6-server-source-rpms","name":"Single Sign-On 7.2 (RHEL 6 Server) (Source RPMs)","vendor":"Red Hat","contentUrl":"/content/dist/rhel/server/6/6Server/$basearch/rh-sso/7.2/source/SRPMS","requiredTags":"rhel-6-server","gpgUrl":"file:///etc/pki/rpm-gpg/RPM-GPG-KEY-redhat-release","arches":"x86_64","uuid":"2c94d5e8867a0ea101867a1b30f319fa","metadataExpiration":86400,"releaseVersion":null,"modifiedProductIds":[]},"enabled":false},{"content":{"created":"2023-02-22T17:10:47.000+00:00","updated":"2023-02-22T17:10:47.000+00:00","id":"12742","type":"yum","label":"rh-sso-7.6-for-rhel-8-x86_64-source-rpms","name":"Single Sign-On 7.6 for RHEL 8 x86_64 (Source RPMs)","vendor":"Red Hat","contentUrl":"/content/dist/layered/rhel8/x86_64/rh-sso/7.6/source/SRPMS","requiredTags":"rhel-8-x86_64","gpgUrl":"file:///etc/pki/rpm-gpg/RPM-GPG-KEY-redhat-release","arches":"x86_64","uuid":"2c94d5e8867a0ea101867a1b30f319fb","metadataExpiration":86400,"releaseVersion":null,"modifiedProductIds":[]},"enabled":false},{"content":{"created":"2023-02-22T17:10:47.000+00:00","updated":"2023-02-22T17:10:47.000+00:00","id":"5969","type":"yum","label":"rh-sso-7.2-for-rhel-6-server-debug-rpms","name":"Single Sign-On 7.2 (RHEL 6 Server) (Debug RPMs)","vendor":"Red Hat","contentUrl":"/content/dist/rhel/server/6/6Server/$basearch/rh-sso/7.2/debug","requiredTags":"rhel-6-server","gpgUrl":"file:///etc/pki/rpm-gpg/RPM-GPG-KEY-redhat-release","arches":"x86_64","uuid":"2c94d5e8867a0ea101867a1b30f319fc","metadataExpiration":86400,"releaseVersion":null,"modifiedProductIds":[]},"enabled":false}],"dependentProductIds":[]}