{"created":"2023-02-22T17:06:25.000+00:00","updated":"2023-02-22T17:06:25.000+00:00","uuid":"2c94d5e8867a0ea101867a17316a1058","multiplier":1,"id":"408","name":"Red Hat Ansible Engine","attributes":[{"name":"name","value":"Red Hat Ansible Engine"},{"name":"arch","value":"aarch64,ppc64le,s390x,x86_64"},{"name":"type","value":"SVC"}],"derivedProduct":null,"providedProducts":[],"productContent":[{"content":{"created":"2023-02-22T17:06:25.000+00:00","updated":"2023-02-22T17:06:25.000+00:00","id":"8776","type":"yum","label":"ansible-2-for-rhel-8-x86_64-source-rpms","name":"Red Hat Ansible Engine 2 for RHEL 8 x86_64 (Source RPMs)","vendor":"Red Hat","contentUrl":"/content/dist/layered/rhel8/x86_64/ansible/2/source/SRPMS","requiredTags":"rhel-8-x86_64","gpgUrl":"file:///etc/pki/rpm-gpg/RPM-GPG-KEY-redhat-release","arches":"x86_64","uuid":"2c94d5e8867a0ea101867a1731680ff2","metadataExpiration":86400,"releaseVersion":null,"modifiedProductIds":[]},"enabled":false},{"content":{"created":"2023-02-22T17:06:25.000+00:00","updated":"2023-02-22T17:06:25.000+00:00","id":"8777","type":"yum","label":"ansible-2-for-rhel-8-x86_64-debug-rpms","name":"Red Hat Ansible Engine 2 for RHEL 8 x86_64 (Debug RPMs)","vendor":"Red Hat","contentUrl":"/content/dist/layered/rhel8/x86_64/ansible/2/debug","requiredTags":"rhel-8-x86_64","gpgUrl":"file:///etc/pki/rpm-gpg/RPM-GPG-KEY-redhat-release","arches":"x86_64","uuid":"2c94d5e8867a0ea101867a1731680ff3","metadataExpiration":86400,"releaseVersion":null,"modifiedProductIds":[]},"enabled":false},{"content":{"created":"2023-02-22T17:06:25.000+00:00","updated":"2023-02-22T17:06:25.000+00:00","id":"8775","type":"yum","label":"ansible-2-for-rhel-8-x86_64-rpms","name":"Red Hat Ansible Engine 2 for RHEL 8 x86_64 (RPMs)","vendor":"Red Hat","contentUrl":"/content/dist/layered/rhel8/x86_64/ansible/2/os","requiredTags":"rhel-8-x86_64","gpgUrl":"file:///etc/pki/rpm-gpg/RPM-GPG-KEY-redhat-release","arches":"x86_64","uuid":"2c94d5e8867a0ea101867a1731680ff4","metadataExpiration":86400,"releaseVersion":null,"modifiedProductIds":[]},"enabled":false},{"content":{"created":"2023-02-22T17:06:25.000+00:00","updated":"2023-02-22T17:06:25.000+00:00","id":"9340","type":"yum","label":"ansible-2.9-for-rhel-8-aarch64-source-rpms","name":"Red Hat Ansible Engine 2.9 for RHEL 8 aarch64 (Source RPMs)","vendor":"Red Hat","contentUrl":"/content/dist/layered/rhel8/aarch64/ansible/2.9/source/SRPMS","requiredTags":"rhel-8-aarch64","gpgUrl":"file:///etc/pki/rpm-gpg/RPM-GPG-KEY-redhat-release","arches":"aarch64","uuid":"2c94d5e8867a0ea101867a1731680ff5","metadataExpiration":86400,"releaseVersion":null,"modifiedProductIds":[]},"enabled":false},{"content":{"created":"2023-02-22T17:06:25.000+00:00","updated":"2023-02-22T17:06:25.000+00:00","id":"9341","type":"yum","label":"ansible-2.9-for-rhel-8-aarch64-debug-rpms","name":"Red Hat Ansible Engine 2.9 for RHEL 8 aarch64 (Debug RPMs)","vendor":"Red Hat","contentUrl":"/content/dist/layered/rhel8/aarch64/ansible/2.9/debug","requiredTags":"rhel-8-aarch64","gpgUrl":"file:///etc/pki/rpm-gpg/RPM-GPG-KEY-redhat-release","arches":"aarch64","uuid":"2c94d5e8867a0ea101867a1731680ff6","metadataExpiration":86400,"releaseVersion":null,"modifiedProductIds":[]},"enabled":false},{"content":{"created":"2023-02-22T17:06:25.000+00:00","updated":"2023-02-22T17:06:25.000+00:00","id":"9339","type":"yum","label":"ansible-2.9-for-rhel-8-aarch64-rpms","name":"Red Hat Ansible Engine 2.9 for RHEL 8 aarch64 (RPMs)","vendor":"Red Hat","contentUrl":"/content/dist/layered/rhel8/aarch64/ansible/2.9/os","requiredTags":"rhel-8-aarch64","gpgUrl":"file:///etc/pki/rpm-gpg/RPM-GPG-KEY-redhat-release","arches":"aarch64","uuid":"2c94d5e8867a0ea101867a1731680ff7","metadataExpiration":86400,"releaseVersion":null,"modifiedProductIds":[]},"enabled":false},{"content":{"created":"2023-02-22T17:06:25.000+00:00","updated":"2023-02-22T17:06:25.000+00:00","id":"8783","type":"yum","label":"ansible-2-for-rhel-8-s390x-debug-rpms","name":"Red Hat Ansible Engine 2 for RHEL 8 s390x (Debug RPMs)","vendor":"Red Hat","contentUrl":"/content/dist/layered/rhel8/s390x/ansible/2/debug","requiredTags":"rhel-8-s390x","gpgUrl":"file:///etc/pki/rpm-gpg/RPM-GPG-KEY-redhat-release","arches":"s390x","uuid":"2c94d5e8867a0ea101867a1731680ff8","metadataExpiration":86400,"releaseVersion":null,"modifiedProductIds":[]},"enabled":false},{"content":{"created":"2023-02-22T17:06:25.000+00:00","updated":"2023-02-22T17:06:25.000+00:00","id":"8784","type":"yum","label":"ansible-2-for-rhel-8-aarch64-rpms","name":"Red Hat Ansible Engine 2 for RHEL 8 aarch64 (RPMs)","vendor":"Red Hat","contentUrl":"/content/dist/layered/rhel8/aarch64/ansible/2/os","requiredTags":"rhel-8-aarch64","gpgUrl":"file:///etc/pki/rpm-gpg/RPM-GPG-KEY-redhat-release","arches":"aarch64","uuid":"2c94d5e8867a0ea101867a1731680ff9","metadataExpiration":86400,"releaseVersion":null,"modifiedProductIds":[]},"enabled":false},{"content":{"created":"2023-02-22T17:06:25.000+00:00","updated":"2023-02-22T17:06:25.000+00:00","id":"8781","type":"yum","label":"ansible-2-for-rhel-8-s390x-rpms","name":"Red Hat Ansible Engine 2 for RHEL 8 s390x (RPMs)","vendor":"Red Hat","contentUrl":"/content/dist/layered/rhel8/s390x/ansible/2/os","requiredTags":"rhel-8-s390x","gpgUrl":"file:///etc/pki/rpm-gpg/RPM-GPG-KEY-redhat-release","arches":"s390x","uuid":"2c94d5e8867a0ea101867a1731680ffa","metadataExpiration":86400,"releaseVersion":null,"modifiedProductIds":[]},"enabled":false},{"content":{"created":"2023-02-22T17:06:25.000+00:00","updated":"2023-02-22T17:06:25.000+00:00","id":"8782","type":"yum","label":"ansible-2-for-rhel-8-s390x-source-rpms","name":"Red Hat Ansible Engine 2 for RHEL 8 s390x (Source RPMs)","vendor":"Red Hat","contentUrl":"/content/dist/layered/rhel8/s390x/ansible/2/source/SRPMS","requiredTags":"rhel-8-s390x","gpgUrl":"file:///etc/pki/rpm-gpg/RPM-GPG-KEY-redhat-release","arches":"s390x","uuid":"2c94d5e8867a0ea101867a1731680ffb","metadataExpiration":86400,"releaseVersion":null,"modifiedProductIds":[]},"enabled":false},{"content":{"created":"2023-02-22T17:06:25.000+00:00","updated":"2023-02-22T17:06:25.000+00:00","id":"8666","type":"yum","label":"rhel-7-server-ansible-2.8-for-system-z-debug-rpms","name":"Red Hat Ansible Engine 2.8 (for RHEL 7 Server for System Z) (Debug RPMs)","vendor":"Red Hat","contentUrl":"/content/dist/rhel/system-z/7/7Server/$basearch/ansible/2.8/debug","requiredTags":"rhel-7-ibm-system-z","gpgUrl":"file:///etc/pki/rpm-gpg/RPM-GPG-KEY-redhat-release","arches":"s390x","uuid":"2c94d5e8867a0ea101867a1731680ffc","metadataExpiration":86400,"releaseVersion":null,"modifiedProductIds":[]},"enabled":false},{"content":{"created":"2023-02-22T17:06:25.000+00:00","updated":"2023-02-22T17:06:25.000+00:00","id":"8787","type":"yum","label":"rhel-7-server-ansible-2-for-system-z-rpms","name":"Red Hat Ansible Engine 2 (for RHEL 7 Server for System Z) (RPMs)","vendor":"Red Hat","contentUrl":"/content/dist/rhel/system-z/7/7Server/$basearch/ansible/2/os","requiredTags":"rhel-7-ibm-system-z","gpgUrl":"file:///etc/pki/rpm-gpg/RPM-GPG-KEY-redhat-release","arches":"s390x","uuid":"2c94d5e8867a0ea101867a1731680ffd","metadataExpiration":86400,"releaseVersion":null,"modifiedProductIds":[]},"enabled":false},{"content":{"created":"2023-02-22T17:06:25.000+00:00","updated":"2023-02-22T17:06:25.000+00:00","id":"8788","type":"yum","label":"rhel-7-server-ansible-2-for-system-z-debug-rpms","name":"Red Hat Ansible Engine 2 (for RHEL 7 Server for System Z) (Debug RPMs)","vendor":"Red Hat","contentUrl":"/content/dist/rhel/system-z/7/7Server/$basearch/ansible/2/debug","requiredTags":"rhel-7-ibm-system-z","gpgUrl":"file:///etc/pki/rpm-gpg/RPM-GPG-KEY-redhat-release","arches":"s390x","uuid":"2c94d5e8867a0ea101867a1731680ffe","metadataExpiration":86400,"releaseVersion":null,"modifiedProductIds":[]},"enabled":false},{"content":{"created":"2023-02-22T17:06:25.000+00:00","updated":"2023-02-22T17:06:25.000+00:00","id":"8667","type":"yum","label":"rhel-7-server-ansible-2.8-for-system-z-source-rpms","name":"Red Hat Ansible Engine 2.8 (for RHEL 7 Server for System Z) (Source RPMs)","vendor":"Red Hat","contentUrl":"/content/dist/rhel/system-z/7/7Server/$basearch/ansible/2.8/source/SRPMS","requiredTags":"rhel-7-ibm-system-z","gpgUrl":"file:///etc/pki/rpm-gpg/RPM-GPG-KEY-redhat-release","arches":"s390x","uuid":"2c94d5e8867a0ea101867a1731680fff","metadataExpiration":86400,"releaseVersion":null,"modifiedProductIds":[]},"enabled":false},{"content":{"created":"2023-02-22T17:06:25.000+00:00","updated":"2023-02-22T17:06:25.000+00:00","id":"8785","type":"yum","label":"ansible-2-for-rhel-8-aarch64-source-rpms","name":"Red Hat Ansible Engine 2 for RHEL 8 aarch64 (Source RPMs)","vendor":"Red Hat","contentUrl":"/content/dist/layered/rhel8/aarch64/ansible/2/source/SRPMS","requiredTags":"rhel-8-aarch64","gpgUrl":"file:///etc/pki/rpm-gpg/RPM-GPG-KEY-redhat-release","arches":"aarch64","uuid":"2c94d5e8867a0ea101867a1731681000","metadataExpiration":86400,"releaseVersion":null,"modifiedProductIds":[]},"enabled":false},{"content":{"created":"2023-02-22T17:06:25.000+00:00","updated":"2023-02-22T17:06:25.000+00:00","id":"8786","type":"yum","label":"ansible-2-for-rhel-8-aarch64-debug-rpms","name":"Red Hat Ansible Engine 2 for RHEL 8 aarch64 (Debug RPMs)","vendor":"Red Hat","contentUrl":"/content/dist/layered/rhel8/aarch64/ansible/2/debug","requiredTags":"rhel-8-aarch64","gpgUrl":"file:///etc/pki/rpm-gpg/RPM-GPG-KEY-redhat-release","arches":"aarch64","uuid":"2c94d5e8867a0ea101867a1731681001","metadataExpiration":86400,"releaseVersion":null,"modifiedProductIds":[]},"enabled":false},{"content":{"created":"2023-02-22T17:06:25.000+00:00","updated":"2023-02-22T17:06:25.000+00:00","id":"8665","type":"yum","label":"rhel-7-server-ansible-2.8-for-system-z-rpms","name":"Red Hat Ansible Engine 2.8 (for RHEL 7 Server for System Z) (RPMs)","vendor":"Red Hat","contentUrl":"/content/dist/rhel/system-z/7/7Server/$basearch/ansible/2.8/os","requiredTags":"rhel-7-ibm-system-z","gpgUrl":"file:///etc/pki/rpm-gpg/RPM-GPG-KEY-redhat-release","arches":"s390x","uuid":"2c94d5e8867a0ea101867a1731681002","metadataExpiration":86400,"releaseVersion":null,"modifiedProductIds":[]},"enabled":false},{"content":{"created":"2023-02-22T17:06:25.000+00:00","updated":"2023-02-22T17:06:25.000+00:00","id":"8780","type":"yum","label":"ansible-2-for-rhel-8-ppc64le-debug-rpms","name":"Red Hat Ansible Engine 2 for RHEL 8 ppc64le (Debug RPMs)","vendor":"Red Hat","contentUrl":"/content/dist/layered/rhel8/ppc64le/ansible/2/debug","requiredTags":"rhel-8-ppc64le","gpgUrl":"file:///etc/pki/rpm-gpg/RPM-GPG-KEY-redhat-release","arches":"ppc64le","uuid":"2c94d5e8867a0ea101867a1731681003","metadataExpiration":86400,"releaseVersion":null,"modifiedProductIds":[]},"enabled":false},{"content":{"created":"2023-02-22T17:06:25.000+00:00","updated":"2023-02-22T17:06:25.000+00:00","id":"8778","type":"yum","label":"ansible-2-for-rhel-8-ppc64le-rpms","name":"Red Hat Ansible Engine 2 for RHEL 8 ppc64le (RPMs)","vendor":"Red Hat","contentUrl":"/content/dist/layered/rhel8/ppc64le/ansible/2/os","requiredTags":"rhel-8-ppc64le","gpgUrl":"file:///etc/pki/rpm-gpg/RPM-GPG-KEY-redhat-release","arches":"ppc64le","uuid":"2c94d5e8867a0ea101867a1731681004","metadataExpiration":86400,"releaseVersion":null,"modifiedProductIds":[]},"enabled":false},{"content":{"created":"2023-02-22T17:06:25.000+00:00","updated":"2023-02-22T17:06:25.000+00:00","id":"8779","type":"yum","label":"ansible-2-for-rhel-8-ppc64le-source-rpms","name":"Red Hat Ansible Engine 2 for RHEL 8 ppc64le (Source RPMs)","vendor":"Red Hat","contentUrl":"/content/dist/layered/rhel8/ppc64le/ansible/2/source/SRPMS","requiredTags":"rhel-8-ppc64le","gpgUrl":"file:///etc/pki/rpm-gpg/RPM-GPG-KEY-redhat-release","arches":"ppc64le","uuid":"2c94d5e8867a0ea101867a1731681005","metadataExpiration":86400,"releaseVersion":null,"modifiedProductIds":[]},"enabled":false},{"content":{"created":"2023-02-22T17:06:25.000+00:00","updated":"2023-02-22T17:06:25.000+00:00","id":"6517","type":"yum","label":"rhel-7-server-ansible-2.4-source-rpms","name":"Red Hat Ansible Engine 2.4 Source RPMs for Red Hat Enterprise Linux 7 Server","vendor":"Red Hat","contentUrl":"/content/dist/rhel/server/7/7Server/$basearch/ansible/2.4/source/SRPMS","requiredTags":"rhel-7-server","gpgUrl":"file:///etc/pki/rpm-gpg/RPM-GPG-KEY-redhat-release","arches":"x86_64","uuid":"2c94d5e8867a0ea101867a1731681006","metadataExpiration":86400,"releaseVersion":null,"modifiedProductIds":[]},"enabled":false},{"content":{"created":"2023-02-22T17:06:25.000+00:00","updated":"2023-02-22T17:06:25.000+00:00","id":"6516","type":"yum","label":"rhel-7-server-ansible-2.4-rpms","name":"Red Hat Ansible Engine 2.4 RPMs for Red Hat Enterprise Linux 7 Server","vendor":"Red Hat","contentUrl":"/content/dist/rhel/server/7/7Server/$basearch/ansible/2.4/os","requiredTags":"rhel-7-server","gpgUrl":"file:///etc/pki/rpm-gpg/RPM-GPG-KEY-redhat-release","arches":"x86_64","uuid":"2c94d5e8867a0ea101867a1731681007","metadataExpiration":86400,"releaseVersion":null,"modifiedProductIds":[]},"enabled":false},{"content":{"created":"2023-02-22T17:06:25.000+00:00","updated":"2023-02-22T17:06:25.000+00:00","id":"6518","type":"yum","label":"rhel-7-server-ansible-2.4-debug-rpms","name":"Red Hat Ansible Engine 2.4 Debug RPMs for Red Hat Enterprise Linux 7 Server","vendor":"Red Hat","contentUrl":"/content/dist/rhel/server/7/7Server/$basearch/ansible/2.4/debug","requiredTags":"rhel-7-server","gpgUrl":"file:///etc/pki/rpm-gpg/RPM-GPG-KEY-redhat-release","arches":"x86_64","uuid":"2c94d5e8867a0ea101867a1731681008","metadataExpiration":86400,"releaseVersion":null,"modifiedProductIds":[]},"enabled":false},{"content":{"created":"2023-02-22T17:06:25.000+00:00","updated":"2023-02-22T17:06:25.000+00:00","id":"8789","type":"yum","label":"rhel-7-server-ansible-2-for-system-z-source-rpms","name":"Red Hat Ansible Engine 2 (for RHEL 7 Server for System Z) (Source RPMs)","vendor":"Red Hat","contentUrl":"/content/dist/rhel/system-z/7/7Server/$basearch/ansible/2/source/SRPMS","requiredTags":"rhel-7-ibm-system-z","gpgUrl":"file:///etc/pki/rpm-gpg/RPM-GPG-KEY-redhat-release","arches":"s390x","uuid":"2c94d5e8867a0ea101867a1731681009","metadataExpiration":86400,"releaseVersion":null,"modifiedProductIds":[]},"enabled":false},{"content":{"created":"2023-02-22T17:06:25.000+00:00","updated":"2023-02-22T17:06:25.000+00:00","id":"8563","type":"yum","label":"rhel-7-server-ansible-2.8-source-rpms","name":"Red Hat Ansible Engine 2.8 Source RPMs for Red Hat Enterprise Linux 7 Server","vendor":"Red Hat","contentUrl":"/content/dist/rhel/server/7/7Server/$basearch/ansible/2.8/source/SRPMS","requiredTags":"rhel-7-server","gpgUrl":"file:///etc/pki/rpm-gpg/RPM-GPG-KEY-redhat-release","arches":"x86_64","uuid":"2c94d5e8867a0ea101867a173168100a","metadataExpiration":86400,"releaseVersion":null,"modifiedProductIds":[]},"enabled":false},{"content":{"created":"2023-02-22T17:06:25.000+00:00","updated":"2023-02-22T17:06:25.000+00:00","id":"8564","type":"yum","label":"rhel-7-server-ansible-2.8-debug-rpms","name":"Red Hat Ansible Engine 2.8 Debug RPMs for Red Hat Enterprise Linux 7 Server","vendor":"Red Hat","contentUrl":"/content/dist/rhel/server/7/7Server/$basearch/ansible/2.8/debug","requiredTags":"rhel-7-server","gpgUrl":"file:///etc/pki/rpm-gpg/RPM-GPG-KEY-redhat-release","arches":"x86_64","uuid":"2c94d5e8867a0ea101867a173168100b","metadataExpiration":86400,"releaseVersion":null,"modifiedProductIds":[]},"enabled":false},{"content":{"created":"2023-02-22T17:06:25.000+00:00","updated":"2023-02-22T17:06:25.000+00:00","id":"8562","type":"yum","label":"rhel-7-server-ansible-2.8-rpms","name":"Red Hat Ansible Engine 2.8 RPMs for Red Hat Enterprise Linux 7 Server","vendor":"Red Hat","contentUrl":"/content/dist/rhel/server/7/7Server/$basearch/ansible/2.8/os","requiredTags":"rhel-7-server","gpgUrl":"file:///etc/pki/rpm-gpg/RPM-GPG-KEY-redhat-release","arches":"x86_64","uuid":"2c94d5e8867a0ea101867a173168100c","metadataExpiration":86400,"releaseVersion":null,"modifiedProductIds":[]},"enabled":false},{"content":{"created":"2023-02-22T17:06:25.000+00:00","updated":"2023-02-22T17:06:25.000+00:00","id":"8567","type":"yum","label":"rhel-7-server-ansible-2.8-for-power-le-source-rpms","name":"Red Hat Ansible Engine 2.8 for RHEL 7 Server for IBM Power LE (Source RPMs)","vendor":"Red Hat","contentUrl":"/content/dist/rhel/power-le/7/7Server/$basearch/ansible/2.8/source/SRPMS","requiredTags":"rhel-7-ibm-power-le","gpgUrl":"file:///etc/pki/rpm-gpg/RPM-GPG-KEY-redhat-release","arches":"ppc64le","uuid":"2c94d5e8867a0ea101867a173168100d","metadataExpiration":86400,"releaseVersion":null,"modifiedProductIds":[]},"enabled":false},{"content":{"created":"2023-02-22T17:06:25.000+00:00","updated":"2023-02-22T17:06:25.000+00:00","id":"8568","type":"yum","label":"rhel-7-server-ansible-2.8-for-power-9-rpms","name":"Red Hat Ansible Engine 2.8 for RHEL 7 Server for IBM POWER9 (RPMs)","vendor":"Red Hat","contentUrl":"/content/dist/rhel-alt/server/7/7Server/power9/$basearch/ansible/2.8/os","requiredTags":"rhel-alt-7-power9","gpgUrl":"file:///etc/pki/rpm-gpg/RPM-GPG-KEY-redhat-release","arches":"ppc64le","uuid":"2c94d5e8867a0ea101867a173168100e","metadataExpiration":86400,"releaseVersion":null,"modifiedProductIds":[]},"enabled":false},{"content":{"created":"2023-02-22T17:06:25.000+00:00","updated":"2023-02-22T17:06:25.000+00:00","id":"8565","type":"yum","label":"rhel-7-server-ansible-2.8-for-power-le-rpms","name":"Red Hat Ansible Engine 2.8 for RHEL 7 Server for IBM Power LE (RPMs)","vendor":"Red Hat","contentUrl":"/content/dist/rhel/power-le/7/7Server/$basearch/ansible/2.8/os","requiredTags":"rhel-7-ibm-power-le","gpgUrl":"file:///etc/pki/rpm-gpg/RPM-GPG-KEY-redhat-release","arches":"ppc64le","uuid":"2c94d5e8867a0ea101867a173168100f","metadataExpiration":86400,"releaseVersion":null,"modifiedProductIds":[]},"enabled":false},{"content":{"created":"2023-02-22T17:06:25.000+00:00","updated":"2023-02-22T17:06:25.000+00:00","id":"8566","type":"yum","label":"rhel-7-server-ansible-2.8-for-power-le-debug-rpms","name":"Red Hat Ansible Engine 2.8 for RHEL 7 Server for IBM Power LE (Debug RPMs)","vendor":"Red Hat","contentUrl":"/content/dist/rhel/power-le/7/7Server/$basearch/ansible/2.8/debug","requiredTags":"rhel-7-ibm-power-le","gpgUrl":"file:///etc/pki/rpm-gpg/RPM-GPG-KEY-redhat-release","arches":"ppc64le","uuid":"2c94d5e8867a0ea101867a1731681010","metadataExpiration":86400,"releaseVersion":null,"modifiedProductIds":[]},"enabled":false},{"content":{"created":"2023-02-22T17:06:25.000+00:00","updated":"2023-02-22T17:06:25.000+00:00","id":"7626","type":"yum","label":"rhel-7-server-ansible-2.6-for-power-9-rpms","name":"Red Hat Ansible Engine 2.6 for RHEL 7 Server for IBM POWER9 (RPMs)","vendor":"Red Hat","contentUrl":"/content/dist/rhel-alt/server/7/7Server/power9/$basearch/ansible/2.6/os","requiredTags":"rhel-alt-7-power9","gpgUrl":"file:///etc/pki/rpm-gpg/RPM-GPG-KEY-redhat-release","arches":"ppc64le","uuid":"2c94d5e8867a0ea101867a1731681011","metadataExpiration":86400,"releaseVersion":null,"modifiedProductIds":[]},"enabled":false},{"content":{"created":"2023-02-22T17:06:25.000+00:00","updated":"2023-02-22T17:06:25.000+00:00","id":"7628","type":"yum","label":"rhel-7-server-ansible-2.6-for-power-9-source-rpms","name":"Red Hat Ansible Engine 2.6 for RHEL 7 Server for IBM POWER9 (Source RPMs)","vendor":"Red Hat","contentUrl":"/content/dist/rhel-alt/server/7/7Server/power9/$basearch/ansible/2.6/source/SRPMS","requiredTags":"rhel-alt-7-power9","gpgUrl":"file:///etc/pki/rpm-gpg/RPM-GPG-KEY-redhat-release","arches":"ppc64le","uuid":"2c94d5e8867a0ea101867a1731681012","metadataExpiration":86400,"releaseVersion":null,"modifiedProductIds":[]},"enabled":false},{"content":{"created":"2023-02-22T17:06:25.000+00:00","updated":"2023-02-22T17:06:25.000+00:00","id":"7627","type":"yum","label":"rhel-7-server-ansible-2.6-for-power-9-debug-rpms","name":"Red Hat Ansible Engine 2.6 for RHEL 7 Server for IBM POWER9 (Debug RPMs)","vendor":"Red Hat","contentUrl":"/content/dist/rhel-alt/server/7/7Server/power9/$basearch/ansible/2.6/debug","requiredTags":"rhel-alt-7-power9","gpgUrl":"file:///etc/pki/rpm-gpg/RPM-GPG-KEY-redhat-release","arches":"ppc64le","uuid":"2c94d5e8867a0ea101867a1731681013","metadataExpiration":86400,"releaseVersion":null,"modifiedProductIds":[]},"enabled":false},{"content":{"created":"2023-02-22T17:06:25.000+00:00","updated":"2023-02-22T17:06:25.000+00:00","id":"8732","type":"yum","label":"ansible-2.8-for-rhel-8-ppc64le-source-rpms","name":"Red Hat Ansible Engine 2.8 for RHEL 8 ppc64le (Source RPMs)","vendor":"Red Hat","contentUrl":"/content/dist/layered/rhel8/ppc64le/ansible/2.8/source/SRPMS","requiredTags":"rhel-8-ppc64le","gpgUrl":"file:///etc/pki/rpm-gpg/RPM-GPG-KEY-redhat-release","arches":"ppc64le","uuid":"2c94d5e8867a0ea101867a1731681014","metadataExpiration":86400,"releaseVersion":null,"modifiedProductIds":[]},"enabled":false},{"content":{"created":"2023-02-22T17:06:25.000+00:00","updated":"2023-02-22T17:06:25.000+00:00","id":"8733","type":"yum","label":"ansible-2.8-for-rhel-8-ppc64le-debug-rpms","name":"Red Hat Ansible Engine 2.8 for RHEL 8 ppc64le (Debug RPMs)","vendor":"Red Hat","contentUrl":"/content/dist/layered/rhel8/ppc64le/ansible/2.8/debug","requiredTags":"rhel-8-ppc64le","gpgUrl":"file:///etc/pki/rpm-gpg/RPM-GPG-KEY-redhat-release","arches":"ppc64le","uuid":"2c94d5e8867a0ea101867a1731681015","metadataExpiration":86400,"releaseVersion":null,"modifiedProductIds":[]},"enabled":false},{"content":{"created":"2023-02-22T17:06:25.000+00:00","updated":"2023-02-22T17:06:25.000+00:00","id":"8730","type":"yum","label":"ansible-2.8-for-rhel-8-x86_64-debug-rpms","name":"Red Hat Ansible Engine 2.8 for RHEL 8 x86_64 (Debug RPMs)","vendor":"Red Hat","contentUrl":"/content/dist/layered/rhel8/x86_64/ansible/2.8/debug","requiredTags":"rhel-8-x86_64","gpgUrl":"file:///etc/pki/rpm-gpg/RPM-GPG-KEY-redhat-release","arches":"x86_64","uuid":"2c94d5e8867a0ea101867a1731681016","metadataExpiration":86400,"releaseVersion":null,"modifiedProductIds":[]},"enabled":false},{"content":{"created":"2023-02-22T17:06:25.000+00:00","updated":"2023-02-22T17:06:25.000+00:00","id":"8731","type":"yum","label":"ansible-2.8-for-rhel-8-ppc64le-rpms","name":"Red Hat Ansible Engine 2.8 for RHEL 8 ppc64le (RPMs)","vendor":"Red Hat","contentUrl":"/content/dist/layered/rhel8/ppc64le/ansible/2.8/os","requiredTags":"rhel-8-ppc64le","gpgUrl":"file:///etc/pki/rpm-gpg/RPM-GPG-KEY-redhat-release","arches":"ppc64le","uuid":"2c94d5e8867a0ea101867a1731681017","metadataExpiration":86400,"releaseVersion":null,"modifiedProductIds":[]},"enabled":false},{"content":{"created":"2023-02-22T17:06:25.000+00:00","updated":"2023-02-22T17:06:25.000+00:00","id":"8570","type":"yum","label":"rhel-7-server-ansible-2.8-for-power-9-source-rpms","name":"Red Hat Ansible Engine 2.8 for RHEL 7 Server for IBM POWER9 (Source RPMs)","vendor":"Red Hat","contentUrl":"/content/dist/rhel-alt/server/7/7Server/power9/$basearch/ansible/2.8/source/SRPMS","requiredTags":"rhel-alt-7-power9","gpgUrl":"file:///etc/pki/rpm-gpg/RPM-GPG-KEY-redhat-release","arches":"ppc64le","uuid":"2c94d5e8867a0ea101867a1731681018","metadataExpiration":86400,"releaseVersion":null,"modifiedProductIds":[]},"enabled":false},{"content":{"created":"2023-02-22T17:06:25.000+00:00","updated":"2023-02-22T17:06:25.000+00:00","id":"8569","type":"yum","label":"rhel-7-server-ansible-2.8-for-power-9-debug-rpms","name":"Red Hat Ansible Engine 2.8 for RHEL 7 Server for IBM POWER9 (Debug RPMs)","vendor":"Red Hat","contentUrl":"/content/dist/rhel-alt/server/7/7Server/power9/$basearch/ansible/2.8/debug","requiredTags":"rhel-alt-7-power9","gpgUrl":"file:///etc/pki/rpm-gpg/RPM-GPG-KEY-redhat-release","arches":"ppc64le","uuid":"2c94d5e8867a0ea101867a1731681019","metadataExpiration":86400,"releaseVersion":null,"modifiedProductIds":[]},"enabled":false},{"content":{"created":"2023-02-22T17:06:25.000+00:00","updated":"2023-02-22T17:06:25.000+00:00","id":"8729","type":"yum","label":"ansible-2.8-for-rhel-8-x86_64-source-rpms","name":"Red Hat Ansible Engine 2.8 for RHEL 8 x86_64 (Source RPMs)","vendor":"Red Hat","contentUrl":"/content/dist/layered/rhel8/x86_64/ansible/2.8/source/SRPMS","requiredTags":"rhel-8-x86_64","gpgUrl":"file:///etc/pki/rpm-gpg/RPM-GPG-KEY-redhat-release","arches":"x86_64","uuid":"2c94d5e8867a0ea101867a173168101a","metadataExpiration":86400,"releaseVersion":null,"modifiedProductIds":[]},"enabled":false},{"content":{"created":"2023-02-22T17:06:25.000+00:00","updated":"2023-02-22T17:06:25.000+00:00","id":"8728","type":"yum","label":"ansible-2.8-for-rhel-8-x86_64-rpms","name":"Red Hat Ansible Engine 2.8 for RHEL 8 x86_64 (RPMs)","vendor":"Red Hat","contentUrl":"/content/dist/layered/rhel8/x86_64/ansible/2.8/os","requiredTags":"rhel-8-x86_64","gpgUrl":"file:///etc/pki/rpm-gpg/RPM-GPG-KEY-redhat-release","arches":"x86_64","uuid":"2c94d5e8867a0ea101867a173168101b","metadataExpiration":86400,"releaseVersion":null,"modifiedProductIds":[]},"enabled":false},{"content":{"created":"2023-02-22T17:06:25.000+00:00","updated":"2023-02-22T17:06:25.000+00:00","id":"7893","type":"yum","label":"rhel-7-server-ansible-2-for-power-le-debug-rpms","name":"Red Hat Ansible Engine 2 for RHEL 7 Server for IBM Power LE (Debug RPMs)","vendor":"Red Hat","contentUrl":"/content/dist/rhel/power-le/7/7Server/$basearch/ansible/2/debug","requiredTags":"rhel-7-ibm-power-le","gpgUrl":"file:///etc/pki/rpm-gpg/RPM-GPG-KEY-redhat-release","arches":"ppc64le","uuid":"2c94d5e8867a0ea101867a173168101c","metadataExpiration":86400,"releaseVersion":null,"modifiedProductIds":[]},"enabled":false},{"content":{"created":"2023-02-22T17:06:25.000+00:00","updated":"2023-02-22T17:06:25.000+00:00","id":"7892","type":"yum","label":"rhel-7-server-ansible-2-for-power-le-rpms","name":"Red Hat Ansible Engine 2 for RHEL 7 Server for IBM Power LE (RPMs)","vendor":"Red Hat","contentUrl":"/content/dist/rhel/power-le/7/7Server/$basearch/ansible/2/os","requiredTags":"rhel-7-ibm-power-le","gpgUrl":"file:///etc/pki/rpm-gpg/RPM-GPG-KEY-redhat-release","arches":"ppc64le","uuid":"2c94d5e8867a0ea101867a173168101d","metadataExpiration":86400,"releaseVersion":null,"modifiedProductIds":[]},"enabled":false},{"content":{"created":"2023-02-22T17:06:25.000+00:00","updated":"2023-02-22T17:06:25.000+00:00","id":"7895","type":"yum","label":"rhel-7-server-ansible-2-for-power-9-rpms","name":"Red Hat Ansible Engine 2 for RHEL 7 Server for IBM POWER9 (RPMs)","vendor":"Red Hat","contentUrl":"/content/dist/rhel-alt/server/7/7Server/power9/$basearch/ansible/2/os","requiredTags":"rhel-alt-7-power9","gpgUrl":"file:///etc/pki/rpm-gpg/RPM-GPG-KEY-redhat-release","arches":"ppc64le","uuid":"2c94d5e8867a0ea101867a173168101e","metadataExpiration":86400,"releaseVersion":null,"modifiedProductIds":[]},"enabled":false},{"content":{"created":"2023-02-22T17:06:25.000+00:00","updated":"2023-02-22T17:06:25.000+00:00","id":"7894","type":"yum","label":"rhel-7-server-ansible-2-for-power-le-source-rpms","name":"Red Hat Ansible Engine 2 for RHEL 7 Server for IBM Power LE (Source RPMs)","vendor":"Red Hat","contentUrl":"/content/dist/rhel/power-le/7/7Server/$basearch/ansible/2/source/SRPMS","requiredTags":"rhel-7-ibm-power-le","gpgUrl":"file:///etc/pki/rpm-gpg/RPM-GPG-KEY-redhat-release","arches":"ppc64le","uuid":"2c94d5e8867a0ea101867a173168101f","metadataExpiration":86400,"releaseVersion":null,"modifiedProductIds":[]},"enabled":false},{"content":{"created":"2023-02-22T17:06:25.000+00:00","updated":"2023-02-22T17:06:25.000+00:00","id":"7897","type":"yum","label":"rhel-7-server-ansible-2-for-power-9-source-rpms","name":"Red Hat Ansible Engine 2 for RHEL 7 Server for IBM POWER9 (Source RPMs)","vendor":"Red Hat","contentUrl":"/content/dist/rhel-alt/server/7/7Server/power9/$basearch/ansible/2/source/SRPMS","requiredTags":"rhel-alt-7-power9","gpgUrl":"file:///etc/pki/rpm-gpg/RPM-GPG-KEY-redhat-release","arches":"ppc64le","uuid":"2c94d5e8867a0ea101867a1731691020","metadataExpiration":86400,"releaseVersion":null,"modifiedProductIds":[]},"enabled":false},{"content":{"created":"2023-02-22T17:06:25.000+00:00","updated":"2023-02-22T17:06:25.000+00:00","id":"7017","type":"yum","label":"rhel-7-server-ansible-2-source-rpms","name":"Red Hat Ansible Engine 2 Source RPMs for Red Hat Enterprise Linux 7 Server","vendor":"Red Hat","contentUrl":"/content/dist/rhel/server/7/7Server/$basearch/ansible/2/source/SRPMS","requiredTags":"rhel-7-server","gpgUrl":"file:///etc/pki/rpm-gpg/RPM-GPG-KEY-redhat-release","arches":"x86_64","uuid":"2c94d5e8867a0ea101867a1731691021","metadataExpiration":86400,"releaseVersion":null,"modifiedProductIds":[]},"enabled":false},{"content":{"created":"2023-02-22T17:06:25.000+00:00","updated":"2023-02-22T17:06:25.000+00:00","id":"7896","type":"yum","label":"rhel-7-server-ansible-2-for-power-9-debug-rpms","name":"Red Hat Ansible Engine 2 for RHEL 7 Server for IBM POWER9 (Debug RPMs)","vendor":"Red Hat","contentUrl":"/content/dist/rhel-alt/server/7/7Server/power9/$basearch/ansible/2/debug","requiredTags":"rhel-alt-7-power9","gpgUrl":"file:///etc/pki/rpm-gpg/RPM-GPG-KEY-redhat-release","arches":"ppc64le","uuid":"2c94d5e8867a0ea101867a1731691022","metadataExpiration":86400,"releaseVersion":null,"modifiedProductIds":[]},"enabled":false},{"content":{"created":"2023-02-22T17:06:25.000+00:00","updated":"2023-02-22T17:06:25.000+00:00","id":"7016","type":"yum","label":"rhel-7-server-ansible-2-rpms","name":"Red Hat Ansible Engine 2 RPMs for Red Hat Enterprise Linux 7 Server","vendor":"Red Hat","contentUrl":"/content/dist/rhel/server/7/7Server/$basearch/ansible/2/os","requiredTags":"rhel-7-server","gpgUrl":"file:///etc/pki/rpm-gpg/RPM-GPG-KEY-redhat-release","arches":"x86_64","uuid":"2c94d5e8867a0ea101867a1731691023","metadataExpiration":86400,"releaseVersion":null,"modifiedProductIds":[]},"enabled":false},{"content":{"created":"2023-02-22T17:06:25.000+00:00","updated":"2023-02-22T17:06:25.000+00:00","id":"7808","type":"yum","label":"rhel-7-server-ansible-2.7-for-power-le-debug-rpms","name":"Red Hat Ansible Engine 2.7 for RHEL 7 Server for IBM Power LE (Debug RPMs)","vendor":"Red Hat","contentUrl":"/content/dist/rhel/power-le/7/7Server/$basearch/ansible/2.7/debug","requiredTags":"rhel-7-ibm-power-le","gpgUrl":"file:///etc/pki/rpm-gpg/RPM-GPG-KEY-redhat-release","arches":"ppc64le","uuid":"2c94d5e8867a0ea101867a1731691024","metadataExpiration":86400,"releaseVersion":null,"modifiedProductIds":[]},"enabled":false},{"content":{"created":"2023-02-22T17:06:25.000+00:00","updated":"2023-02-22T17:06:25.000+00:00","id":"7807","type":"yum","label":"rhel-7-server-ansible-2.7-for-power-le-rpms","name":"Red Hat Ansible Engine 2.7 for RHEL 7 Server for IBM Power LE (RPMs)","vendor":"Red Hat","contentUrl":"/content/dist/rhel/power-le/7/7Server/$basearch/ansible/2.7/os","requiredTags":"rhel-7-ibm-power-le","gpgUrl":"file:///etc/pki/rpm-gpg/RPM-GPG-KEY-redhat-release","arches":"ppc64le","uuid":"2c94d5e8867a0ea101867a1731691025","metadataExpiration":86400,"releaseVersion":null,"modifiedProductIds":[]},"enabled":false},{"content":{"created":"2023-02-22T17:06:25.000+00:00","updated":"2023-02-22T17:06:25.000+00:00","id":"7809","type":"yum","label":"rhel-7-server-ansible-2.7-for-power-le-source-rpms","name":"Red Hat Ansible Engine 2.7 for RHEL 7 Server for IBM Power LE (Source RPMs)","vendor":"Red Hat","contentUrl":"/content/dist/rhel/power-le/7/7Server/$basearch/ansible/2.7/source/SRPMS","requiredTags":"rhel-7-ibm-power-le","gpgUrl":"file:///etc/pki/rpm-gpg/RPM-GPG-KEY-redhat-release","arches":"ppc64le","uuid":"2c94d5e8867a0ea101867a1731691026","metadataExpiration":86400,"releaseVersion":null,"modifiedProductIds":[]},"enabled":false},{"content":{"created":"2023-02-22T17:06:25.000+00:00","updated":"2023-02-22T17:06:25.000+00:00","id":"8736","type":"yum","label":"ansible-2.8-for-rhel-8-s390x-debug-rpms","name":"Red Hat Ansible Engine 2.8 for RHEL 8 s390x (Debug RPMs)","vendor":"Red Hat","contentUrl":"/content/dist/layered/rhel8/s390x/ansible/2.8/debug","requiredTags":"rhel-8-s390x","gpgUrl":"file:///etc/pki/rpm-gpg/RPM-GPG-KEY-redhat-release","arches":"s390x","uuid":"2c94d5e8867a0ea101867a1731691027","metadataExpiration":86400,"releaseVersion":null,"modifiedProductIds":[]},"enabled":false},{"content":{"created":"2023-02-22T17:06:25.000+00:00","updated":"2023-02-22T17:06:25.000+00:00","id":"8737","type":"yum","label":"ansible-2.8-for-rhel-8-aarch64-rpms","name":"Red Hat Ansible Engine 2.8 for RHEL 8 aarch64 (RPMs)","vendor":"Red Hat","contentUrl":"/content/dist/layered/rhel8/aarch64/ansible/2.8/os","requiredTags":"rhel-8-aarch64","gpgUrl":"file:///etc/pki/rpm-gpg/RPM-GPG-KEY-redhat-release","arches":"aarch64","uuid":"2c94d5e8867a0ea101867a1731691028","metadataExpiration":86400,"releaseVersion":null,"modifiedProductIds":[]},"enabled":false},{"content":{"created":"2023-02-22T17:06:25.000+00:00","updated":"2023-02-22T17:06:25.000+00:00","id":"8734","type":"yum","label":"ansible-2.8-for-rhel-8-s390x-rpms","name":"Red Hat Ansible Engine 2.8 for RHEL 8 s390x (RPMs)","vendor":"Red Hat","contentUrl":"/content/dist/layered/rhel8/s390x/ansible/2.8/os","requiredTags":"rhel-8-s390x","gpgUrl":"file:///etc/pki/rpm-gpg/RPM-GPG-KEY-redhat-release","arches":"s390x","uuid":"2c94d5e8867a0ea101867a1731691029","metadataExpiration":86400,"releaseVersion":null,"modifiedProductIds":[]},"enabled":false},{"content":{"created":"2023-02-22T17:06:25.000+00:00","updated":"2023-02-22T17:06:25.000+00:00","id":"8735","type":"yum","label":"ansible-2.8-for-rhel-8-s390x-source-rpms","name":"Red Hat Ansible Engine 2.8 for RHEL 8 s390x (Source RPMs)","vendor":"Red Hat","contentUrl":"/content/dist/layered/rhel8/s390x/ansible/2.8/source/SRPMS","requiredTags":"rhel-8-s390x","gpgUrl":"file:///etc/pki/rpm-gpg/RPM-GPG-KEY-redhat-release","arches":"s390x","uuid":"2c94d5e8867a0ea101867a173169102a","metadataExpiration":86400,"releaseVersion":null,"modifiedProductIds":[]},"enabled":false},{"content":{"created":"2023-02-22T17:06:25.000+00:00","updated":"2023-02-22T17:06:25.000+00:00","id":"7804","type":"yum","label":"rhel-7-server-ansible-2.7-rpms","name":"Red Hat Ansible Engine 2.7 RPMs for Red Hat Enterprise Linux 7 Server","vendor":"Red Hat","contentUrl":"/content/dist/rhel/server/7/7Server/$basearch/ansible/2.7/os","requiredTags":"rhel-7-server","gpgUrl":"file:///etc/pki/rpm-gpg/RPM-GPG-KEY-redhat-release","arches":"x86_64","uuid":"2c94d5e8867a0ea101867a173169102b","metadataExpiration":86400,"releaseVersion":null,"modifiedProductIds":[]},"enabled":false},{"content":{"created":"2023-02-22T17:06:25.000+00:00","updated":"2023-02-22T17:06:25.000+00:00","id":"8738","type":"yum","label":"ansible-2.8-for-rhel-8-aarch64-source-rpms","name":"Red Hat Ansible Engine 2.8 for RHEL 8 aarch64 (Source RPMs)","vendor":"Red Hat","contentUrl":"/content/dist/layered/rhel8/aarch64/ansible/2.8/source/SRPMS","requiredTags":"rhel-8-aarch64","gpgUrl":"file:///etc/pki/rpm-gpg/RPM-GPG-KEY-redhat-release","arches":"aarch64","uuid":"2c94d5e8867a0ea101867a173169102c","metadataExpiration":86400,"releaseVersion":null,"modifiedProductIds":[]},"enabled":false},{"content":{"created":"2023-02-22T17:06:25.000+00:00","updated":"2023-02-22T17:06:25.000+00:00","id":"7806","type":"yum","label":"rhel-7-server-ansible-2.7-debug-rpms","name":"Red Hat Ansible Engine 2.7 Debug RPMs for Red Hat Enterprise Linux 7 Server","vendor":"Red Hat","contentUrl":"/content/dist/rhel/server/7/7Server/$basearch/ansible/2.7/debug","requiredTags":"rhel-7-server","gpgUrl":"file:///etc/pki/rpm-gpg/RPM-GPG-KEY-redhat-release","arches":"x86_64","uuid":"2c94d5e8867a0ea101867a173169102d","metadataExpiration":86400,"releaseVersion":null,"modifiedProductIds":[]},"enabled":false},{"content":{"created":"2023-02-22T17:06:25.000+00:00","updated":"2023-02-22T17:06:25.000+00:00","id":"8739","type":"yum","label":"ansible-2.8-for-rhel-8-aarch64-debug-rpms","name":"Red Hat Ansible Engine 2.8 for RHEL 8 aarch64 (Debug RPMs)","vendor":"Red Hat","contentUrl":"/content/dist/layered/rhel8/aarch64/ansible/2.8/debug","requiredTags":"rhel-8-aarch64","gpgUrl":"file:///etc/pki/rpm-gpg/RPM-GPG-KEY-redhat-release","arches":"aarch64","uuid":"2c94d5e8867a0ea101867a173169102e","metadataExpiration":86400,"releaseVersion":null,"modifiedProductIds":[]},"enabled":false},{"content":{"created":"2023-02-22T17:06:25.000+00:00","updated":"2023-02-22T17:06:25.000+00:00","id":"7805","type":"yum","label":"rhel-7-server-ansible-2.7-source-rpms","name":"Red Hat Ansible Engine 2.7 Source RPMs for Red Hat Enterprise Linux 7 Server","vendor":"Red Hat","contentUrl":"/content/dist/rhel/server/7/7Server/$basearch/ansible/2.7/source/SRPMS","requiredTags":"rhel-7-server","gpgUrl":"file:///etc/pki/rpm-gpg/RPM-GPG-KEY-redhat-release","arches":"x86_64","uuid":"2c94d5e8867a0ea101867a173169102f","metadataExpiration":86400,"releaseVersion":null,"modifiedProductIds":[]},"enabled":false},{"content":{"created":"2023-02-22T17:06:25.000+00:00","updated":"2023-02-22T17:06:25.000+00:00","id":"9322","type":"yum","label":"rhel-7-server-ansible-2.9-for-power-le-debug-rpms","name":"Red Hat Ansible Engine 2.9 for RHEL 7 Server for IBM Power LE (Debug RPMs)","vendor":"Red Hat","contentUrl":"/content/dist/rhel/power-le/7/7Server/$basearch/ansible/2.9/debug","requiredTags":"rhel-7-ibm-power-le","gpgUrl":"file:///etc/pki/rpm-gpg/RPM-GPG-KEY-redhat-release","arches":"ppc64le","uuid":"2c94d5e8867a0ea101867a1731691030","metadataExpiration":86400,"releaseVersion":null,"modifiedProductIds":[]},"enabled":false},{"content":{"created":"2023-02-22T17:06:25.000+00:00","updated":"2023-02-22T17:06:25.000+00:00","id":"9323","type":"yum","label":"rhel-7-server-ansible-2.9-for-power-le-source-rpms","name":"Red Hat Ansible Engine 2.9 for RHEL 7 Server for IBM Power LE (Source RPMs)","vendor":"Red Hat","contentUrl":"/content/dist/rhel/power-le/7/7Server/$basearch/ansible/2.9/source/SRPMS","requiredTags":"rhel-7-ibm-power-le","gpgUrl":"file:///etc/pki/rpm-gpg/RPM-GPG-KEY-redhat-release","arches":"ppc64le","uuid":"2c94d5e8867a0ea101867a1731691031","metadataExpiration":86400,"releaseVersion":null,"modifiedProductIds":[]},"enabled":false},{"content":{"created":"2023-02-22T17:06:25.000+00:00","updated":"2023-02-22T17:06:25.000+00:00","id":"7021","type":"yum","label":"rhel-7-server-ansible-2.5-debug-rpms","name":"Red Hat Ansible Engine 2.5 Debug RPMs for Red Hat Enterprise Linux 7 Server","vendor":"Red Hat","contentUrl":"/content/dist/rhel/server/7/7Server/$basearch/ansible/2.5/debug","requiredTags":"rhel-7-server","gpgUrl":"file:///etc/pki/rpm-gpg/RPM-GPG-KEY-redhat-release","arches":"x86_64","uuid":"2c94d5e8867a0ea101867a1731691032","metadataExpiration":86400,"releaseVersion":null,"modifiedProductIds":[]},"enabled":false},{"content":{"created":"2023-02-22T17:06:25.000+00:00","updated":"2023-02-22T17:06:25.000+00:00","id":"9320","type":"yum","label":"rhel-7-server-ansible-2.9-debug-rpms","name":"Red Hat Ansible Engine 2.9 Debug RPMs for Red Hat Enterprise Linux 7 Server","vendor":"Red Hat","contentUrl":"/content/dist/rhel/server/7/7Server/$basearch/ansible/2.9/debug","requiredTags":"rhel-7-server","gpgUrl":"file:///etc/pki/rpm-gpg/RPM-GPG-KEY-redhat-release","arches":"x86_64","uuid":"2c94d5e8867a0ea101867a1731691033","metadataExpiration":86400,"releaseVersion":null,"modifiedProductIds":[]},"enabled":false},{"content":{"created":"2023-02-22T17:06:25.000+00:00","updated":"2023-02-22T17:06:25.000+00:00","id":"7387","type":"yum","label":"rhel-7-server-ansible-2.6-rpms","name":"Red Hat Ansible Engine 2.6 RPMs for Red Hat Enterprise Linux 7 Server","vendor":"Red Hat","contentUrl":"/content/dist/rhel/server/7/7Server/$basearch/ansible/2.6/os","requiredTags":"rhel-7-server","gpgUrl":"file:///etc/pki/rpm-gpg/RPM-GPG-KEY-redhat-release","arches":"x86_64","uuid":"2c94d5e8867a0ea101867a1731691034","metadataExpiration":86400,"releaseVersion":null,"modifiedProductIds":[]},"enabled":false},{"content":{"created":"2023-02-22T17:06:25.000+00:00","updated":"2023-02-22T17:06:25.000+00:00","id":"9321","type":"yum","label":"rhel-7-server-ansible-2.9-for-power-le-rpms","name":"Red Hat Ansible Engine 2.9 for RHEL 7 Server for IBM Power LE (RPMs)","vendor":"Red Hat","contentUrl":"/content/dist/rhel/power-le/7/7Server/$basearch/ansible/2.9/os","requiredTags":"rhel-7-ibm-power-le","gpgUrl":"file:///etc/pki/rpm-gpg/RPM-GPG-KEY-redhat-release","arches":"ppc64le","uuid":"2c94d5e8867a0ea101867a1731691035","metadataExpiration":86400,"releaseVersion":null,"modifiedProductIds":[]},"enabled":false},{"content":{"created":"2023-02-22T17:06:25.000+00:00","updated":"2023-02-22T17:06:25.000+00:00","id":"7389","type":"yum","label":"rhel-7-server-ansible-2.6-debug-rpms","name":"Red Hat Ansible Engine 2.6 Debug RPMs for Red Hat Enterprise Linux 7 Server","vendor":"Red Hat","contentUrl":"/content/dist/rhel/server/7/7Server/$basearch/ansible/2.6/debug","requiredTags":"rhel-7-server","gpgUrl":"file:///etc/pki/rpm-gpg/RPM-GPG-KEY-redhat-release","arches":"x86_64","uuid":"2c94d5e8867a0ea101867a1731691036","metadataExpiration":86400,"releaseVersion":null,"modifiedProductIds":[]},"enabled":false},{"content":{"created":"2023-02-22T17:06:25.000+00:00","updated":"2023-02-22T17:06:25.000+00:00","id":"9326","type":"yum","label":"rhel-7-server-ansible-2.9-for-power-9-source-rpms","name":"Red Hat Ansible Engine 2.9 for RHEL 7 Server for IBM POWER9 (Source RPMs)","vendor":"Red Hat","contentUrl":"/content/dist/rhel-alt/server/7/7Server/power9/$basearch/ansible/2.9/source/SRPMS","requiredTags":"rhel-alt-7-power9","gpgUrl":"file:///etc/pki/rpm-gpg/RPM-GPG-KEY-redhat-release","arches":"ppc64le","uuid":"2c94d5e8867a0ea101867a1731691037","metadataExpiration":86400,"releaseVersion":null,"modifiedProductIds":[]},"enabled":false},{"content":{"created":"2023-02-22T17:06:25.000+00:00","updated":"2023-02-22T17:06:25.000+00:00","id":"9327","type":"yum","label":"rhel-7-server-ansible-2.9-for-system-z-rpms","name":"Red Hat Ansible Engine 2.9 (for RHEL 7 Server for System Z) (RPMs)","vendor":"Red Hat","contentUrl":"/content/dist/rhel/system-z/7/7Server/$basearch/ansible/2.9/os","requiredTags":"rhel-7-ibm-system-z","gpgUrl":"file:///etc/pki/rpm-gpg/RPM-GPG-KEY-redhat-release","arches":"s390x","uuid":"2c94d5e8867a0ea101867a1731691038","metadataExpiration":86400,"releaseVersion":null,"modifiedProductIds":[]},"enabled":false},{"content":{"created":"2023-02-22T17:06:25.000+00:00","updated":"2023-02-22T17:06:25.000+00:00","id":"7388","type":"yum","label":"rhel-7-server-ansible-2.6-source-rpms","name":"Red Hat Ansible Engine 2.6 Source RPMs for Red Hat Enterprise Linux 7 Server","vendor":"Red Hat","contentUrl":"/content/dist/rhel/server/7/7Server/$basearch/ansible/2.6/source/SRPMS","requiredTags":"rhel-7-server","gpgUrl":"file:///etc/pki/rpm-gpg/RPM-GPG-KEY-redhat-release","arches":"x86_64","uuid":"2c94d5e8867a0ea101867a1731691039","metadataExpiration":86400,"releaseVersion":null,"modifiedProductIds":[]},"enabled":false},{"content":{"created":"2023-02-22T17:06:25.000+00:00","updated":"2023-02-22T17:06:25.000+00:00","id":"9324","type":"yum","label":"rhel-7-server-ansible-2.9-for-power-9-rpms","name":"Red Hat Ansible Engine 2.9 for RHEL 7 Server for IBM POWER9 (RPMs)","vendor":"Red Hat","contentUrl":"/content/dist/rhel-alt/server/7/7Server/power9/$basearch/ansible/2.9/os","requiredTags":"rhel-alt-7-power9","gpgUrl":"file:///etc/pki/rpm-gpg/RPM-GPG-KEY-redhat-release","arches":"ppc64le","uuid":"2c94d5e8867a0ea101867a173169103a","metadataExpiration":86400,"releaseVersion":null,"modifiedProductIds":[]},"enabled":false},{"content":{"created":"2023-02-22T17:06:25.000+00:00","updated":"2023-02-22T17:06:25.000+00:00","id":"9325","type":"yum","label":"rhel-7-server-ansible-2.9-for-power-9-debug-rpms","name":"Red Hat Ansible Engine 2.9 for RHEL 7 Server for IBM POWER9 (Debug RPMs)","vendor":"Red Hat","contentUrl":"/content/dist/rhel-alt/server/7/7Server/power9/$basearch/ansible/2.9/debug","requiredTags":"rhel-alt-7-power9","gpgUrl":"file:///etc/pki/rpm-gpg/RPM-GPG-KEY-redhat-release","arches":"ppc64le","uuid":"2c94d5e8867a0ea101867a173169103b","metadataExpiration":86400,"releaseVersion":null,"modifiedProductIds":[]},"enabled":false},{"content":{"created":"2023-02-22T17:06:25.000+00:00","updated":"2023-02-22T17:06:25.000+00:00","id":"7020","type":"yum","label":"rhel-7-server-ansible-2.5-source-rpms","name":"Red Hat Ansible Engine 2.5 Source RPMs for Red Hat Enterprise Linux 7 Server","vendor":"Red Hat","contentUrl":"/content/dist/rhel/server/7/7Server/$basearch/ansible/2.5/source/SRPMS","requiredTags":"rhel-7-server","gpgUrl":"file:///etc/pki/rpm-gpg/RPM-GPG-KEY-redhat-release","arches":"x86_64","uuid":"2c94d5e8867a0ea101867a173169103c","metadataExpiration":86400,"releaseVersion":null,"modifiedProductIds":[]},"enabled":false},{"content":{"created":"2023-02-22T17:06:25.000+00:00","updated":"2023-02-22T17:06:25.000+00:00","id":"9319","type":"yum","label":"rhel-7-server-ansible-2.9-source-rpms","name":"Red Hat Ansible Engine 2.9 Source RPMs for Red Hat Enterprise Linux 7 Server","vendor":"Red Hat","contentUrl":"/content/dist/rhel/server/7/7Server/$basearch/ansible/2.9/source/SRPMS","requiredTags":"rhel-7-server","gpgUrl":"file:///etc/pki/rpm-gpg/RPM-GPG-KEY-redhat-release","arches":"x86_64","uuid":"2c94d5e8867a0ea101867a173169103d","metadataExpiration":86400,"releaseVersion":null,"modifiedProductIds":[]},"enabled":false},{"content":{"created":"2023-02-22T17:06:25.000+00:00","updated":"2023-02-22T17:06:25.000+00:00","id":"7811","type":"yum","label":"rhel-7-server-ansible-2.7-for-power-9-debug-rpms","name":"Red Hat Ansible Engine 2.7 for RHEL 7 Server for IBM POWER9 (Debug RPMs)","vendor":"Red Hat","contentUrl":"/content/dist/rhel-alt/server/7/7Server/power9/$basearch/ansible/2.7/debug","requiredTags":"rhel-alt-7-power9","gpgUrl":"file:///etc/pki/rpm-gpg/RPM-GPG-KEY-redhat-release","arches":"ppc64le","uuid":"2c94d5e8867a0ea101867a173169103e","metadataExpiration":86400,"releaseVersion":null,"modifiedProductIds":[]},"enabled":false},{"content":{"created":"2023-02-22T17:06:25.000+00:00","updated":"2023-02-22T17:06:25.000+00:00","id":"7019","type":"yum","label":"rhel-7-server-ansible-2.5-rpms","name":"Red Hat Ansible Engine 2.5 RPMs for Red Hat Enterprise Linux 7 Server","vendor":"Red Hat","contentUrl":"/content/dist/rhel/server/7/7Server/$basearch/ansible/2.5/os","requiredTags":"rhel-7-server","gpgUrl":"file:///etc/pki/rpm-gpg/RPM-GPG-KEY-redhat-release","arches":"x86_64","uuid":"2c94d5e8867a0ea101867a173169103f","metadataExpiration":86400,"releaseVersion":null,"modifiedProductIds":[]},"enabled":false},{"content":{"created":"2023-02-22T17:06:25.000+00:00","updated":"2023-02-22T17:06:25.000+00:00","id":"7018","type":"yum","label":"rhel-7-server-ansible-2-debug-rpms","name":"Red Hat Ansible Engine 2 Debug RPMs for Red Hat Enterprise Linux 7 Server","vendor":"Red Hat","contentUrl":"/content/dist/rhel/server/7/7Server/$basearch/ansible/2/debug","requiredTags":"rhel-7-server","gpgUrl":"file:///etc/pki/rpm-gpg/RPM-GPG-KEY-redhat-release","arches":"x86_64","uuid":"2c94d5e8867a0ea101867a1731691040","metadataExpiration":86400,"releaseVersion":null,"modifiedProductIds":[]},"enabled":false},{"content":{"created":"2023-02-22T17:06:25.000+00:00","updated":"2023-02-22T17:06:25.000+00:00","id":"7810","type":"yum","label":"rhel-7-server-ansible-2.7-for-power-9-rpms","name":"Red Hat Ansible Engine 2.7 for RHEL 7 Server for IBM POWER9 (RPMs)","vendor":"Red Hat","contentUrl":"/content/dist/rhel-alt/server/7/7Server/power9/$basearch/ansible/2.7/os","requiredTags":"rhel-alt-7-power9","gpgUrl":"file:///etc/pki/rpm-gpg/RPM-GPG-KEY-redhat-release","arches":"ppc64le","uuid":"2c94d5e8867a0ea101867a1731691041","metadataExpiration":86400,"releaseVersion":null,"modifiedProductIds":[]},"enabled":false},{"content":{"created":"2023-02-22T17:06:25.000+00:00","updated":"2023-02-22T17:06:25.000+00:00","id":"9318","type":"yum","label":"rhel-7-server-ansible-2.9-rpms","name":"Red Hat Ansible Engine 2.9 RPMs for Red Hat Enterprise Linux 7 Server","vendor":"Red Hat","contentUrl":"/content/dist/rhel/server/7/7Server/$basearch/ansible/2.9/os","requiredTags":"rhel-7-server","gpgUrl":"file:///etc/pki/rpm-gpg/RPM-GPG-KEY-redhat-release","arches":"x86_64","uuid":"2c94d5e8867a0ea101867a1731691042","metadataExpiration":86400,"releaseVersion":null,"modifiedProductIds":[]},"enabled":false},{"content":{"created":"2023-02-22T17:06:25.000+00:00","updated":"2023-02-22T17:06:25.000+00:00","id":"7812","type":"yum","label":"rhel-7-server-ansible-2.7-for-power-9-source-rpms","name":"Red Hat Ansible Engine 2.7 for RHEL 7 Server for IBM POWER9 (Source RPMs)","vendor":"Red Hat","contentUrl":"/content/dist/rhel-alt/server/7/7Server/power9/$basearch/ansible/2.7/source/SRPMS","requiredTags":"rhel-alt-7-power9","gpgUrl":"file:///etc/pki/rpm-gpg/RPM-GPG-KEY-redhat-release","arches":"ppc64le","uuid":"2c94d5e8867a0ea101867a1731691043","metadataExpiration":86400,"releaseVersion":null,"modifiedProductIds":[]},"enabled":false},{"content":{"created":"2023-02-22T17:06:25.000+00:00","updated":"2023-02-22T17:06:25.000+00:00","id":"9333","type":"yum","label":"ansible-2.9-for-rhel-8-ppc64le-rpms","name":"Red Hat Ansible Engine 2.9 for RHEL 8 ppc64le (RPMs)","vendor":"Red Hat","contentUrl":"/content/dist/layered/rhel8/ppc64le/ansible/2.9/os","requiredTags":"rhel-8-ppc64le","gpgUrl":"file:///etc/pki/rpm-gpg/RPM-GPG-KEY-redhat-release","arches":"ppc64le","uuid":"2c94d5e8867a0ea101867a1731691044","metadataExpiration":86400,"releaseVersion":null,"modifiedProductIds":[]},"enabled":false},{"content":{"created":"2023-02-22T17:06:25.000+00:00","updated":"2023-02-22T17:06:25.000+00:00","id":"7395","type":"yum","label":"rhel-7-server-ansible-2.4-for-power-le-source-rpms","name":"Red Hat Ansible Engine 2.4 for RHEL 7 Server for IBM Power LE (Source RPMs)","vendor":"Red Hat","contentUrl":"/content/dist/rhel/power-le/7/7Server/$basearch/ansible/2.4/source/SRPMS","requiredTags":"rhel-7-ibm-power-le","gpgUrl":"file:///etc/pki/rpm-gpg/RPM-GPG-KEY-redhat-release","arches":"ppc64le","uuid":"2c94d5e8867a0ea101867a1731691045","metadataExpiration":86400,"releaseVersion":null,"modifiedProductIds":[]},"enabled":false},{"content":{"created":"2023-02-22T17:06:25.000+00:00","updated":"2023-02-22T17:06:25.000+00:00","id":"9334","type":"yum","label":"ansible-2.9-for-rhel-8-ppc64le-source-rpms","name":"Red Hat Ansible Engine 2.9 for RHEL 8 ppc64le (Source RPMs)","vendor":"Red Hat","contentUrl":"/content/dist/layered/rhel8/ppc64le/ansible/2.9/source/SRPMS","requiredTags":"rhel-8-ppc64le","gpgUrl":"file:///etc/pki/rpm-gpg/RPM-GPG-KEY-redhat-release","arches":"ppc64le","uuid":"2c94d5e8867a0ea101867a1731691046","metadataExpiration":86400,"releaseVersion":null,"modifiedProductIds":[]},"enabled":false},{"content":{"created":"2023-02-22T17:06:25.000+00:00","updated":"2023-02-22T17:06:25.000+00:00","id":"7310","type":"yum","label":"rhel-7-server-ansible-2.5-for-power-le-rpms","name":"Red Hat Ansible Engine 2.5 for RHEL 7 Server for IBM Power LE (RPMs)","vendor":"Red Hat","contentUrl":"/content/dist/rhel/power-le/7/7Server/$basearch/ansible/2.5/os","requiredTags":"rhel-7-ibm-power-le","gpgUrl":"file:///etc/pki/rpm-gpg/RPM-GPG-KEY-redhat-release","arches":"ppc64le","uuid":"2c94d5e8867a0ea101867a1731691047","metadataExpiration":86400,"releaseVersion":null,"modifiedProductIds":[]},"enabled":false},{"content":{"created":"2023-02-22T17:06:25.000+00:00","updated":"2023-02-22T17:06:25.000+00:00","id":"9331","type":"yum","label":"ansible-2.9-for-rhel-8-x86_64-source-rpms","name":"Red Hat Ansible Engine 2.9 for RHEL 8 x86_64 (Source RPMs)","vendor":"Red Hat","contentUrl":"/content/dist/layered/rhel8/x86_64/ansible/2.9/source/SRPMS","requiredTags":"rhel-8-x86_64","gpgUrl":"file:///etc/pki/rpm-gpg/RPM-GPG-KEY-redhat-release","arches":"x86_64","uuid":"2c94d5e8867a0ea101867a1731691048","metadataExpiration":86400,"releaseVersion":null,"modifiedProductIds":[]},"enabled":false},{"content":{"created":"2023-02-22T17:06:25.000+00:00","updated":"2023-02-22T17:06:25.000+00:00","id":"9332","type":"yum","label":"ansible-2.9-for-rhel-8-x86_64-debug-rpms","name":"Red Hat Ansible Engine 2.9 for RHEL 8 x86_64 (Debug RPMs)","vendor":"Red Hat","contentUrl":"/content/dist/layered/rhel8/x86_64/ansible/2.9/debug","requiredTags":"rhel-8-x86_64","gpgUrl":"file:///etc/pki/rpm-gpg/RPM-GPG-KEY-redhat-release","arches":"x86_64","uuid":"2c94d5e8867a0ea101867a1731691049","metadataExpiration":86400,"releaseVersion":null,"modifiedProductIds":[]},"enabled":false},{"content":{"created":"2023-02-22T17:06:25.000+00:00","updated":"2023-02-22T17:06:25.000+00:00","id":"9337","type":"yum","label":"ansible-2.9-for-rhel-8-s390x-source-rpms","name":"Red Hat Ansible Engine 2.9 for RHEL 8 s390x (Source RPMs)","vendor":"Red Hat","contentUrl":"/content/dist/layered/rhel8/s390x/ansible/2.9/source/SRPMS","requiredTags":"rhel-8-s390x","gpgUrl":"file:///etc/pki/rpm-gpg/RPM-GPG-KEY-redhat-release","arches":"s390x","uuid":"2c94d5e8867a0ea101867a173169104a","metadataExpiration":86400,"releaseVersion":null,"modifiedProductIds":[]},"enabled":false},{"content":{"created":"2023-02-22T17:06:25.000+00:00","updated":"2023-02-22T17:06:25.000+00:00","id":"7312","type":"yum","label":"rhel-7-server-ansible-2.5-for-power-le-source-rpms","name":"Red Hat Ansible Engine 2.5 for RHEL 7 Server for IBM Power LE (Source RPMs)","vendor":"Red Hat","contentUrl":"/content/dist/rhel/power-le/7/7Server/$basearch/ansible/2.5/source/SRPMS","requiredTags":"rhel-7-ibm-power-le","gpgUrl":"file:///etc/pki/rpm-gpg/RPM-GPG-KEY-redhat-release","arches":"ppc64le","uuid":"2c94d5e8867a0ea101867a173169104b","metadataExpiration":86400,"releaseVersion":null,"modifiedProductIds":[]},"enabled":false},{"content":{"created":"2023-02-22T17:06:25.000+00:00","updated":"2023-02-22T17:06:25.000+00:00","id":"9338","type":"yum","label":"ansible-2.9-for-rhel-8-s390x-debug-rpms","name":"Red Hat Ansible Engine 2.9 for RHEL 8 s390x (Debug RPMs)","vendor":"Red Hat","contentUrl":"/content/dist/layered/rhel8/s390x/ansible/2.9/debug","requiredTags":"rhel-8-s390x","gpgUrl":"file:///etc/pki/rpm-gpg/RPM-GPG-KEY-redhat-release","arches":"s390x","uuid":"2c94d5e8867a0ea101867a173169104c","metadataExpiration":86400,"releaseVersion":null,"modifiedProductIds":[]},"enabled":false},{"content":{"created":"2023-02-22T17:06:25.000+00:00","updated":"2023-02-22T17:06:25.000+00:00","id":"7311","type":"yum","label":"rhel-7-server-ansible-2.5-for-power-le-debug-rpms","name":"Red Hat Ansible Engine 2.5 for RHEL 7 Server for IBM Power LE (Debug RPMs)","vendor":"Red Hat","contentUrl":"/content/dist/rhel/power-le/7/7Server/$basearch/ansible/2.5/debug","requiredTags":"rhel-7-ibm-power-le","gpgUrl":"file:///etc/pki/rpm-gpg/RPM-GPG-KEY-redhat-release","arches":"ppc64le","uuid":"2c94d5e8867a0ea101867a173169104d","metadataExpiration":86400,"releaseVersion":null,"modifiedProductIds":[]},"enabled":false},{"content":{"created":"2023-02-22T17:06:25.000+00:00","updated":"2023-02-22T17:06:25.000+00:00","id":"9335","type":"yum","label":"ansible-2.9-for-rhel-8-ppc64le-debug-rpms","name":"Red Hat Ansible Engine 2.9 for RHEL 8 ppc64le (Debug RPMs)","vendor":"Red Hat","contentUrl":"/content/dist/layered/rhel8/ppc64le/ansible/2.9/debug","requiredTags":"rhel-8-ppc64le","gpgUrl":"file:///etc/pki/rpm-gpg/RPM-GPG-KEY-redhat-release","arches":"ppc64le","uuid":"2c94d5e8867a0ea101867a173169104e","metadataExpiration":86400,"releaseVersion":null,"modifiedProductIds":[]},"enabled":false},{"content":{"created":"2023-02-22T17:06:25.000+00:00","updated":"2023-02-22T17:06:25.000+00:00","id":"9336","type":"yum","label":"ansible-2.9-for-rhel-8-s390x-rpms","name":"Red Hat Ansible Engine 2.9 for RHEL 8 s390x (RPMs)","vendor":"Red Hat","contentUrl":"/content/dist/layered/rhel8/s390x/ansible/2.9/os","requiredTags":"rhel-8-s390x","gpgUrl":"file:///etc/pki/rpm-gpg/RPM-GPG-KEY-redhat-release","arches":"s390x","uuid":"2c94d5e8867a0ea101867a173169104f","metadataExpiration":86400,"releaseVersion":null,"modifiedProductIds":[]},"enabled":false},{"content":{"created":"2023-02-22T17:06:25.000+00:00","updated":"2023-02-22T17:06:25.000+00:00","id":"7390","type":"yum","label":"rhel-7-server-ansible-2.6-for-power-le-rpms","name":"Red Hat Ansible Engine 2.6 for RHEL 7 Server for IBM Power LE (RPMs)","vendor":"Red Hat","contentUrl":"/content/dist/rhel/power-le/7/7Server/$basearch/ansible/2.6/os","requiredTags":"rhel-7-ibm-power-le","gpgUrl":"file:///etc/pki/rpm-gpg/RPM-GPG-KEY-redhat-release","arches":"ppc64le","uuid":"2c94d5e8867a0ea101867a1731691050","metadataExpiration":86400,"releaseVersion":null,"modifiedProductIds":[]},"enabled":false},{"content":{"created":"2023-02-22T17:06:25.000+00:00","updated":"2023-02-22T17:06:25.000+00:00","id":"7392","type":"yum","label":"rhel-7-server-ansible-2.6-for-power-le-source-rpms","name":"Red Hat Ansible Engine 2.6 for RHEL 7 Server for IBM Power LE (Source RPMs)","vendor":"Red Hat","contentUrl":"/content/dist/rhel/power-le/7/7Server/$basearch/ansible/2.6/source/SRPMS","requiredTags":"rhel-7-ibm-power-le","gpgUrl":"file:///etc/pki/rpm-gpg/RPM-GPG-KEY-redhat-release","arches":"ppc64le","uuid":"2c94d5e8867a0ea101867a1731691051","metadataExpiration":86400,"releaseVersion":null,"modifiedProductIds":[]},"enabled":false},{"content":{"created":"2023-02-22T17:06:25.000+00:00","updated":"2023-02-22T17:06:25.000+00:00","id":"9330","type":"yum","label":"ansible-2.9-for-rhel-8-x86_64-rpms","name":"Red Hat Ansible Engine 2.9 for RHEL 8 x86_64 (RPMs)","vendor":"Red Hat","contentUrl":"/content/dist/layered/rhel8/x86_64/ansible/2.9/os","requiredTags":"rhel-8-x86_64","gpgUrl":"file:///etc/pki/rpm-gpg/RPM-GPG-KEY-redhat-release","arches":"x86_64","uuid":"2c94d5e8867a0ea101867a1731691052","metadataExpiration":86400,"releaseVersion":null,"modifiedProductIds":[]},"enabled":false},{"content":{"created":"2023-02-22T17:06:25.000+00:00","updated":"2023-02-22T17:06:25.000+00:00","id":"7391","type":"yum","label":"rhel-7-server-ansible-2.6-for-power-le-debug-rpms","name":"Red Hat Ansible Engine 2.6 for RHEL 7 Server for IBM Power LE (Debug RPMs)","vendor":"Red Hat","contentUrl":"/content/dist/rhel/power-le/7/7Server/$basearch/ansible/2.6/debug","requiredTags":"rhel-7-ibm-power-le","gpgUrl":"file:///etc/pki/rpm-gpg/RPM-GPG-KEY-redhat-release","arches":"ppc64le","uuid":"2c94d5e8867a0ea101867a1731691053","metadataExpiration":86400,"releaseVersion":null,"modifiedProductIds":[]},"enabled":false},{"content":{"created":"2023-02-22T17:06:25.000+00:00","updated":"2023-02-22T17:06:25.000+00:00","id":"7394","type":"yum","label":"rhel-7-server-ansible-2.4-for-power-le-debug-rpms","name":"Red Hat Ansible Engine 2.4 for RHEL 7 Server for IBM Power LE (Debug RPMs)","vendor":"Red Hat","contentUrl":"/content/dist/rhel/power-le/7/7Server/$basearch/ansible/2.4/debug","requiredTags":"rhel-7-ibm-power-le","gpgUrl":"file:///etc/pki/rpm-gpg/RPM-GPG-KEY-redhat-release","arches":"ppc64le","uuid":"2c94d5e8867a0ea101867a1731691054","metadataExpiration":86400,"releaseVersion":null,"modifiedProductIds":[]},"enabled":false},{"content":{"created":"2023-02-22T17:06:25.000+00:00","updated":"2023-02-22T17:06:25.000+00:00","id":"7393","type":"yum","label":"rhel-7-server-ansible-2.4-for-power-le-rpms","name":"Red Hat Ansible Engine 2.4 for RHEL 7 Server for IBM Power LE (RPMs)","vendor":"Red Hat","contentUrl":"/content/dist/rhel/power-le/7/7Server/$basearch/ansible/2.4/os","requiredTags":"rhel-7-ibm-power-le","gpgUrl":"file:///etc/pki/rpm-gpg/RPM-GPG-KEY-redhat-release","arches":"ppc64le","uuid":"2c94d5e8867a0ea101867a1731691055","metadataExpiration":86400,"releaseVersion":null,"modifiedProductIds":[]},"enabled":false},{"content":{"created":"2023-02-22T17:06:25.000+00:00","updated":"2023-02-22T17:06:25.000+00:00","id":"9328","type":"yum","label":"rhel-7-server-ansible-2.9-for-system-z-debug-rpms","name":"Red Hat Ansible Engine 2.9 (for RHEL 7 Server for System Z) (Debug RPMs)","vendor":"Red Hat","contentUrl":"/content/dist/rhel/system-z/7/7Server/$basearch/ansible/2.9/debug","requiredTags":"rhel-7-ibm-system-z","gpgUrl":"file:///etc/pki/rpm-gpg/RPM-GPG-KEY-redhat-release","arches":"s390x","uuid":"2c94d5e8867a0ea101867a1731691056","metadataExpiration":86400,"releaseVersion":null,"modifiedProductIds":[]},"enabled":false},{"content":{"created":"2023-02-22T17:06:25.000+00:00","updated":"2023-02-22T17:06:25.000+00:00","id":"9329","type":"yum","label":"rhel-7-server-ansible-2.9-for-system-z-source-rpms","name":"Red Hat Ansible Engine 2.9 (for RHEL 7 Server for System Z) (Source RPMs)","vendor":"Red Hat","contentUrl":"/content/dist/rhel/system-z/7/7Server/$basearch/ansible/2.9/source/SRPMS","requiredTags":"rhel-7-ibm-system-z","gpgUrl":"file:///etc/pki/rpm-gpg/RPM-GPG-KEY-redhat-release","arches":"s390x","uuid":"2c94d5e8867a0ea101867a1731691057","metadataExpiration":86400,"releaseVersion":null,"modifiedProductIds":[]},"enabled":false}],"dependentProductIds":[]}