{"created":"2023-02-22T17:10:39.000+00:00","updated":"2023-11-24T11:31:59.000+00:00","uuid":"2c94dfc48bd4a8f6018c0119d5367059","multiplier":1,"id":"480","name":"Red Hat Ansible Automation Platform","attributes":[{"name":"name","value":"Red Hat Ansible Automation Platform"},{"name":"arch","value":"aarch64,ppc64le,s390x,x86_64"},{"name":"type","value":"SVC"},{"name":"brand_type","value":""}],"derivedProduct":null,"providedProducts":[],"productContent":[{"content":{"created":"2019-07-22T22:00:29.000+00:00","updated":"2019-07-22T22:00:29.000+00:00","id":"8376","type":"containerimage","label":"rhel-7-server-ansible-tower-3.5-multiarch-containers","name":"Red Hat Ansible Tower 3.5 (Containers) Multiarch","vendor":"Red Hat","contentUrl":"/content/dist/rhel/server/7/7Server/multiarch/ansible-tower/3.5/containers","requiredTags":"rhel-7-server","gpgUrl":"file:///etc/pki/rpm-gpg/RPM-GPG-KEY-redhat-release","arches":null,"uuid":"8a85f99c6c0f63ae016c1bb3462b5ee4","metadataExpiration":86400,"releaseVersion":null,"modifiedProductIds":[]},"enabled":false},{"content":{"created":"2023-06-23T17:43:01.000+00:00","updated":"2023-06-23T17:43:01.000+00:00","id":"20214","type":"yum","label":"ansible-automation-platform-2.4-for-rhel-9-aarch64-debug-rpms","name":"Red Hat Ansible Automation Platform 2.4 for RHEL 9 aarch64 (Debug RPMs)","vendor":"Red Hat","contentUrl":"/content/dist/layered/rhel9/aarch64/ansible-automation-platform/2.4/debug","requiredTags":"rhel-9-aarch64","gpgUrl":"file:///etc/pki/rpm-gpg/RPM-GPG-KEY-redhat-release","arches":"aarch64","uuid":"2c94bc2b8873294d0188e95a2c947f86","metadataExpiration":86400,"releaseVersion":null,"modifiedProductIds":[]},"enabled":false},{"content":{"created":"2019-07-22T22:00:29.000+00:00","updated":"2019-07-22T22:00:29.000+00:00","id":"8377","type":"yum","label":"rhel-7-server-ansible-tower-3.5-rpms","name":"Ansible Tower 3.5 Text-Only Advisories","vendor":"Red Hat","contentUrl":"/content/dist/rhel/server/7/7Server/$basearch/ansible-tower/3.5/os","requiredTags":"rhel-7-server","gpgUrl":"file:///etc/pki/rpm-gpg/RPM-GPG-KEY-redhat-release","arches":"x86_64","uuid":"8a85f99c6c0f63ae016c1bb3462b5ee5","metadataExpiration":86400,"releaseVersion":null,"modifiedProductIds":[]},"enabled":false},{"content":{"created":"2023-06-23T17:43:01.000+00:00","updated":"2023-06-23T17:43:01.000+00:00","id":"20213","type":"yum","label":"ansible-automation-platform-2.4-for-rhel-9-aarch64-source-rpms","name":"Red Hat Ansible Automation Platform 2.4 for RHEL 9 aarch64 (Source RPMs)","vendor":"Red Hat","contentUrl":"/content/dist/layered/rhel9/aarch64/ansible-automation-platform/2.4/source/SRPMS","requiredTags":"rhel-9-aarch64","gpgUrl":"file:///etc/pki/rpm-gpg/RPM-GPG-KEY-redhat-release","arches":"aarch64","uuid":"2c94bc2b8873294d0188e95a2c957f87","metadataExpiration":86400,"releaseVersion":null,"modifiedProductIds":[]},"enabled":false},{"content":{"created":"2023-06-23T17:43:01.000+00:00","updated":"2023-06-23T17:43:01.000+00:00","id":"20212","type":"yum","label":"ansible-automation-platform-2.4-for-rhel-9-aarch64-rpms","name":"Red Hat Ansible Automation Platform 2.4 for RHEL 9 aarch64 (RPMs)","vendor":"Red Hat","contentUrl":"/content/dist/layered/rhel9/aarch64/ansible-automation-platform/2.4/os","requiredTags":"rhel-9-aarch64","gpgUrl":"file:///etc/pki/rpm-gpg/RPM-GPG-KEY-redhat-release","arches":"aarch64","uuid":"2c94bc2b8873294d0188e95a2c957f88","metadataExpiration":86400,"releaseVersion":null,"modifiedProductIds":[]},"enabled":false},{"content":{"created":"2023-06-23T17:43:01.000+00:00","updated":"2023-06-23T17:43:01.000+00:00","id":"20211","type":"file","label":"ansible-automation-platform-2.4-for-rhel-8-aarch64-files","name":"Red Hat Ansible Automation Platform 2.4 for RHEL 8 aarch64 (Files)","vendor":"Red Hat","contentUrl":"/content/dist/layered/rhel8/aarch64/ansible-automation-platform/2.4/files","requiredTags":"rhel-8-aarch64","gpgUrl":"file:///etc/pki/rpm-gpg/RPM-GPG-KEY-redhat-release","arches":"aarch64","uuid":"2c94bc2b8873294d0188e95a2c957f89","metadataExpiration":86400,"releaseVersion":null,"modifiedProductIds":[]},"enabled":false},{"content":{"created":"2023-06-23T17:43:01.000+00:00","updated":"2023-06-23T17:43:01.000+00:00","id":"20210","type":"yum","label":"ansible-automation-platform-2.4-for-rhel-8-aarch64-debug-rpms","name":"Red Hat Ansible Automation Platform 2.4 for RHEL 8 aarch64 (Debug RPMs)","vendor":"Red Hat","contentUrl":"/content/dist/layered/rhel8/aarch64/ansible-automation-platform/2.4/debug","requiredTags":"rhel-8-aarch64","gpgUrl":"file:///etc/pki/rpm-gpg/RPM-GPG-KEY-redhat-release","arches":"aarch64","uuid":"2c94bc2b8873294d0188e95a2c957f8a","metadataExpiration":86400,"releaseVersion":null,"modifiedProductIds":[]},"enabled":false},{"content":{"created":"2020-08-20T18:19:13.000+00:00","updated":"2023-11-24T11:31:59.000+00:00","id":"10370","type":"yum","label":"automation-hub-4-beta-for-rhel-8-x86_64-rpms","name":"Red Hat Automation Hub 4 Beta for RHEL 8 x86_64 (RPMs)","vendor":"Red Hat","contentUrl":"/content/beta/layered/rhel8/x86_64/automation-hub/4/os","requiredTags":"rhel-8-x86_64","gpgUrl":"file:///etc/pki/rpm-gpg/RPM-GPG-KEY-redhat-release","arches":"x86_64","uuid":"2c94dfc48bd4a8f6018c0119d516704d","metadataExpiration":86400,"releaseVersion":null,"modifiedProductIds":[]},"enabled":false},{"content":{"created":"2020-08-20T18:19:13.000+00:00","updated":"2023-11-24T11:31:59.000+00:00","id":"10372","type":"yum","label":"automation-hub-4-beta-for-rhel-8-x86_64-debug-rpms","name":"Red Hat Automation Hub 4 Beta for RHEL 8 x86_64 (Debug RPMs)","vendor":"Red Hat","contentUrl":"/content/beta/layered/rhel8/x86_64/automation-hub/4/debug","requiredTags":"rhel-8-x86_64","gpgUrl":"file:///etc/pki/rpm-gpg/RPM-GPG-KEY-redhat-release","arches":"x86_64","uuid":"2c94dfc48bd4a8f6018c0119d516704e","metadataExpiration":86400,"releaseVersion":null,"modifiedProductIds":[]},"enabled":false},{"content":{"created":"2020-11-17T19:59:18.000+00:00","updated":"2020-11-17T19:59:18.000+00:00","id":"10570","type":"yum","label":"rhel-7-server-ansible-tower-3.8-textonly-rpms","name":"Ansible Tower 3.8 Text-Only Advisories","vendor":"Red Hat","contentUrl":"/content/dist/rhel/server/7/7Server/$basearch/ansible-tower/3.8/os","requiredTags":"rhel-7-server","gpgUrl":"file:///etc/pki/rpm-gpg/RPM-GPG-KEY-redhat-release","arches":"x86_64","uuid":"8a85f99975d705980175d7ca444307a8","metadataExpiration":86400,"releaseVersion":null,"modifiedProductIds":[]},"enabled":false},{"content":{"created":"2020-08-20T18:19:13.000+00:00","updated":"2023-11-24T11:31:59.000+00:00","id":"10371","type":"yum","label":"automation-hub-4-beta-for-rhel-8-x86_64-source-rpms","name":"Red Hat Automation Hub 4 Beta for RHEL 8 x86_64 (Source RPMs)","vendor":"Red Hat","contentUrl":"/content/beta/layered/rhel8/x86_64/automation-hub/4/source/SRPMS","requiredTags":"rhel-8-x86_64","gpgUrl":"file:///etc/pki/rpm-gpg/RPM-GPG-KEY-redhat-release","arches":"x86_64","uuid":"2c94dfc48bd4a8f6018c0119d516704f","metadataExpiration":86400,"releaseVersion":null,"modifiedProductIds":[]},"enabled":false},{"content":{"created":"2023-06-23T17:43:01.000+00:00","updated":"2023-06-23T17:43:01.000+00:00","id":"20219","type":"file","label":"ansible-automation-platform-2.4-for-rhel-8-ppc64le-files","name":"Red Hat Ansible Automation Platform 2.4 for RHEL 8 ppc64le (Files)","vendor":"Red Hat","contentUrl":"/content/dist/layered/rhel8/ppc64le/ansible-automation-platform/2.4/files","requiredTags":"rhel-8-ppc64le","gpgUrl":"file:///etc/pki/rpm-gpg/RPM-GPG-KEY-redhat-release","arches":"ppc64le","uuid":"2c94bc2b8873294d0188e95a2c957f8b","metadataExpiration":86400,"releaseVersion":null,"modifiedProductIds":[]},"enabled":false},{"content":{"created":"2023-06-23T17:43:01.000+00:00","updated":"2023-06-23T17:43:01.000+00:00","id":"20218","type":"yum","label":"ansible-automation-platform-2.4-for-rhel-8-ppc64le-debug-rpms","name":"Red Hat Ansible Automation Platform 2.4 for RHEL 8 ppc64le (Debug RPMs)","vendor":"Red Hat","contentUrl":"/content/dist/layered/rhel8/ppc64le/ansible-automation-platform/2.4/debug","requiredTags":"rhel-8-ppc64le","gpgUrl":"file:///etc/pki/rpm-gpg/RPM-GPG-KEY-redhat-release","arches":"ppc64le","uuid":"2c94bc2b8873294d0188e95a2c957f8c","metadataExpiration":86400,"releaseVersion":null,"modifiedProductIds":[]},"enabled":false},{"content":{"created":"2023-06-23T17:43:01.000+00:00","updated":"2023-06-23T17:43:01.000+00:00","id":"20217","type":"yum","label":"ansible-automation-platform-2.4-for-rhel-8-ppc64le-source-rpms","name":"Red Hat Ansible Automation Platform 2.4 for RHEL 8 ppc64le (Source RPMs)","vendor":"Red Hat","contentUrl":"/content/dist/layered/rhel8/ppc64le/ansible-automation-platform/2.4/source/SRPMS","requiredTags":"rhel-8-ppc64le","gpgUrl":"file:///etc/pki/rpm-gpg/RPM-GPG-KEY-redhat-release","arches":"ppc64le","uuid":"2c94bc2b8873294d0188e95a2c957f8d","metadataExpiration":86400,"releaseVersion":null,"modifiedProductIds":[]},"enabled":false},{"content":{"created":"2023-06-23T17:43:01.000+00:00","updated":"2023-06-23T17:43:01.000+00:00","id":"20216","type":"yum","label":"ansible-automation-platform-2.4-for-rhel-8-ppc64le-rpms","name":"Red Hat Ansible Automation Platform 2.4 for RHEL 8 ppc64le (RPMs)","vendor":"Red Hat","contentUrl":"/content/dist/layered/rhel8/ppc64le/ansible-automation-platform/2.4/os","requiredTags":"rhel-8-ppc64le","gpgUrl":"file:///etc/pki/rpm-gpg/RPM-GPG-KEY-redhat-release","arches":"ppc64le","uuid":"2c94bc2b8873294d0188e95a2c957f8e","metadataExpiration":86400,"releaseVersion":null,"modifiedProductIds":[]},"enabled":false},{"content":{"created":"2023-06-23T17:43:01.000+00:00","updated":"2023-06-23T17:43:01.000+00:00","id":"20215","type":"file","label":"ansible-automation-platform-2.4-for-rhel-9-aarch64-files","name":"Red Hat Ansible Automation Platform 2.4 for RHEL 9 aarch64 (Files)","vendor":"Red Hat","contentUrl":"/content/dist/layered/rhel9/aarch64/ansible-automation-platform/2.4/files","requiredTags":"rhel-9-aarch64","gpgUrl":"file:///etc/pki/rpm-gpg/RPM-GPG-KEY-redhat-release","arches":"aarch64","uuid":"2c94bc2b8873294d0188e95a2c957f8f","metadataExpiration":86400,"releaseVersion":null,"modifiedProductIds":[]},"enabled":false},{"content":{"created":"2020-11-17T19:59:18.000+00:00","updated":"2020-11-17T19:59:18.000+00:00","id":"10579","type":"yum","label":"rhel-7-server-automation-services-catalog-1-tech-preview-source-rpms","name":"Red Hat Automation Services Catalog 1 Tech Preview for RHEL 7 (Source RPMs)","vendor":"Red Hat","contentUrl":"/content/dist/rhel/server/7/7Server/$basearch/automation-services-catalog-tech-preview/1/source/SRPMS","requiredTags":"rhel-7-server","gpgUrl":"file:///etc/pki/rpm-gpg/RPM-GPG-KEY-redhat-release","arches":null,"uuid":"8a85f99975d705980175d7ca444307a9","metadataExpiration":86400,"releaseVersion":null,"modifiedProductIds":[]},"enabled":false},{"content":{"created":"2020-11-17T19:59:18.000+00:00","updated":"2020-11-17T19:59:18.000+00:00","id":"10572","type":"yum","label":"rhel-7-server-automation-hub-4.2-rpms","name":"Red Hat Automation Hub 4.2 for RHEL 7 (RPMs)","vendor":"Red Hat","contentUrl":"/content/dist/rhel/server/7/7Server/$basearch/automation-hub/4.2/os","requiredTags":"rhel-7-server","gpgUrl":"file:///etc/pki/rpm-gpg/RPM-GPG-KEY-redhat-release","arches":null,"uuid":"8a85f99975d705980175d7ca444307aa","metadataExpiration":86400,"releaseVersion":null,"modifiedProductIds":[]},"enabled":false},{"content":{"created":"2022-07-19T14:27:14.000+00:00","updated":"2022-07-19T14:27:14.000+00:00","id":"12796","type":"yum","label":"ansible-automation-platform-ee-textonly-rpms","name":"Red Hat Ansible Automation Platform EE Text-Only Advisories","vendor":"Red Hat","contentUrl":"/content/dist/layered/rhel8/x86_64/ansible-automation-platform-textonly/ee/os","requiredTags":"rhel-8-x86_64","gpgUrl":"file:///etc/pki/rpm-gpg/RPM-GPG-KEY-redhat-release","arches":null,"uuid":"2c94b89382128f1d018216db1a483bd2","metadataExpiration":86400,"releaseVersion":null,"modifiedProductIds":[]},"enabled":false},{"content":{"created":"2020-11-17T19:59:18.000+00:00","updated":"2020-11-17T19:59:18.000+00:00","id":"10571","type":"file","label":"rhel-7-server-ansible-tower-3.8-files","name":"Ansible Tower 3.8 Files","vendor":"Red Hat","contentUrl":"/content/dist/rhel/server/7/7Server/$basearch/ansible-tower/3.8/files","requiredTags":"rhel-7-server","gpgUrl":"file:///etc/pki/rpm-gpg/RPM-GPG-KEY-redhat-release","arches":null,"uuid":"8a85f99975d705980175d7ca444307ab","metadataExpiration":86400,"releaseVersion":null,"modifiedProductIds":[]},"enabled":false},{"content":{"created":"2020-11-17T19:59:18.000+00:00","updated":"2020-11-17T19:59:18.000+00:00","id":"10574","type":"yum","label":"rhel-7-server-automation-hub-4.2-debug-rpms","name":"Red Hat Automation Hub 4.2 for RHEL 7 (Debug RPMs)","vendor":"Red Hat","contentUrl":"/content/dist/rhel/server/7/7Server/$basearch/automation-hub/4.2/debug","requiredTags":"rhel-7-server","gpgUrl":"file:///etc/pki/rpm-gpg/RPM-GPG-KEY-redhat-release","arches":null,"uuid":"8a85f99975d705980175d7ca444307ac","metadataExpiration":86400,"releaseVersion":null,"modifiedProductIds":[]},"enabled":false},{"content":{"created":"2020-11-17T19:59:18.000+00:00","updated":"2020-11-17T19:59:18.000+00:00","id":"10573","type":"yum","label":"rhel-7-server-automation-hub-4.2-source-rpms","name":"Red Hat Automation Hub 4.2 for RHEL 7 (Source RPMs)","vendor":"Red Hat","contentUrl":"/content/dist/rhel/server/7/7Server/$basearch/automation-hub/4.2/source/SRPMS","requiredTags":"rhel-7-server","gpgUrl":"file:///etc/pki/rpm-gpg/RPM-GPG-KEY-redhat-release","arches":null,"uuid":"8a85f99975d705980175d7ca444307ad","metadataExpiration":86400,"releaseVersion":null,"modifiedProductIds":[]},"enabled":false},{"content":{"created":"2023-02-22T17:10:38.000+00:00","updated":"2023-06-20T20:37:03.000+00:00","id":"12799","type":"yum","label":"ansible-automation-platform-2.3-for-rhel-8-x86_64-debug-rpms","name":"Red Hat Ansible Automation Platform 2.3 for RHEL 8 x86_64 (Debug RPMs)","vendor":"Red Hat","contentUrl":"/content/dist/layered/rhel8/x86_64/ansible-automation-platform/2.3/debug","requiredTags":"rhel-8-x86_64","gpgUrl":"file:///etc/pki/rpm-gpg/RPM-GPG-KEY-redhat-release","arches":"x86_64","uuid":"2c94ed35887328c20188da866f064768","metadataExpiration":86400,"releaseVersion":null,"modifiedProductIds":[]},"enabled":false},{"content":{"created":"2020-11-17T19:59:18.000+00:00","updated":"2020-11-17T19:59:18.000+00:00","id":"10576","type":"yum","label":"automation-hub-4.2-for-rhel-8-x86_64-source-rpms","name":"Red Hat Automation Hub 4.2 for RHEL 8 x86_64 (Source RPMs)","vendor":"Red Hat","contentUrl":"/content/dist/layered/rhel8/x86_64/automation-hub/4.2/source/SRPMS","requiredTags":"rhel-8-x86_64","gpgUrl":"file:///etc/pki/rpm-gpg/RPM-GPG-KEY-redhat-release","arches":null,"uuid":"8a85f99975d705980175d7ca444307ae","metadataExpiration":86400,"releaseVersion":null,"modifiedProductIds":[]},"enabled":false},{"content":{"created":"2020-11-17T19:59:18.000+00:00","updated":"2020-11-17T19:59:18.000+00:00","id":"10575","type":"yum","label":"automation-hub-4.2-for-rhel-8-x86_64-rpms","name":"Red Hat Automation Hub 4.2 for RHEL 8 x86_64 (RPMs)","vendor":"Red Hat","contentUrl":"/content/dist/layered/rhel8/x86_64/automation-hub/4.2/os","requiredTags":"rhel-8-x86_64","gpgUrl":"file:///etc/pki/rpm-gpg/RPM-GPG-KEY-redhat-release","arches":null,"uuid":"8a85f99975d705980175d7ca444307af","metadataExpiration":86400,"releaseVersion":null,"modifiedProductIds":[]},"enabled":false},{"content":{"created":"2020-11-17T19:59:18.000+00:00","updated":"2020-11-17T19:59:18.000+00:00","id":"10578","type":"yum","label":"rhel-7-server-automation-services-catalog-1-tech-preview-rpms","name":"Red Hat Automation Services Catalog 1 Tech Preview for RHEL 7 (RPMs)","vendor":"Red Hat","contentUrl":"/content/dist/rhel/server/7/7Server/$basearch/automation-services-catalog-tech-preview/1/os","requiredTags":"rhel-7-server","gpgUrl":"file:///etc/pki/rpm-gpg/RPM-GPG-KEY-redhat-release","arches":null,"uuid":"8a85f99975d705980175d7ca444307b0","metadataExpiration":86400,"releaseVersion":null,"modifiedProductIds":[]},"enabled":false},{"content":{"created":"2023-02-22T17:10:38.000+00:00","updated":"2023-06-20T20:37:03.000+00:00","id":"12797","type":"yum","label":"ansible-automation-platform-2.3-for-rhel-8-x86_64-rpms","name":"Red Hat Ansible Automation Platform 2.3 for RHEL 8 x86_64 (RPMs)","vendor":"Red Hat","contentUrl":"/content/dist/layered/rhel8/x86_64/ansible-automation-platform/2.3/os","requiredTags":"rhel-8-x86_64","gpgUrl":"file:///etc/pki/rpm-gpg/RPM-GPG-KEY-redhat-release","arches":"x86_64","uuid":"2c94ed35887328c20188da866f064769","metadataExpiration":86400,"releaseVersion":null,"modifiedProductIds":[]},"enabled":false},{"content":{"created":"2020-11-17T19:59:18.000+00:00","updated":"2020-11-17T19:59:18.000+00:00","id":"10577","type":"yum","label":"automation-hub-4.2-for-rhel-8-x86_64-debug-rpms","name":"Red Hat Automation Hub 4.2 for RHEL 8 x86_64 (Debug RPMs)","vendor":"Red Hat","contentUrl":"/content/dist/layered/rhel8/x86_64/automation-hub/4.2/debug","requiredTags":"rhel-8-x86_64","gpgUrl":"file:///etc/pki/rpm-gpg/RPM-GPG-KEY-redhat-release","arches":null,"uuid":"8a85f99975d705980175d7ca444307b1","metadataExpiration":86400,"releaseVersion":null,"modifiedProductIds":[]},"enabled":false},{"content":{"created":"2023-02-22T17:10:38.000+00:00","updated":"2023-06-20T20:37:03.000+00:00","id":"12798","type":"yum","label":"ansible-automation-platform-2.3-for-rhel-8-x86_64-source-rpms","name":"Red Hat Ansible Automation Platform 2.3 for RHEL 8 x86_64 (Source RPMs)","vendor":"Red Hat","contentUrl":"/content/dist/layered/rhel8/x86_64/ansible-automation-platform/2.3/source/SRPMS","requiredTags":"rhel-8-x86_64","gpgUrl":"file:///etc/pki/rpm-gpg/RPM-GPG-KEY-redhat-release","arches":"x86_64","uuid":"2c94ed35887328c20188da866f06476a","metadataExpiration":86400,"releaseVersion":null,"modifiedProductIds":[]},"enabled":false},{"content":{"created":"2023-06-23T17:43:01.000+00:00","updated":"2023-06-23T17:43:01.000+00:00","id":"20225","type":"yum","label":"ansible-automation-platform-2.4-for-rhel-8-s390x-source-rpms","name":"Red Hat Ansible Automation Platform 2.4 for RHEL 8 s390x (Source RPMs)","vendor":"Red Hat","contentUrl":"/content/dist/layered/rhel8/s390x/ansible-automation-platform/2.4/source/SRPMS","requiredTags":"rhel-8-s390x","gpgUrl":"file:///etc/pki/rpm-gpg/RPM-GPG-KEY-redhat-release","arches":"s390x","uuid":"2c94bc2b8873294d0188e95a2c957f90","metadataExpiration":86400,"releaseVersion":null,"modifiedProductIds":[]},"enabled":false},{"content":{"created":"2023-06-23T17:43:01.000+00:00","updated":"2023-06-23T17:43:01.000+00:00","id":"20224","type":"yum","label":"ansible-automation-platform-2.4-for-rhel-8-s390x-rpms","name":"Red Hat Ansible Automation Platform 2.4 for RHEL 8 s390x (RPMs)","vendor":"Red Hat","contentUrl":"/content/dist/layered/rhel8/s390x/ansible-automation-platform/2.4/os","requiredTags":"rhel-8-s390x","gpgUrl":"file:///etc/pki/rpm-gpg/RPM-GPG-KEY-redhat-release","arches":"s390x","uuid":"2c94bc2b8873294d0188e95a2c957f91","metadataExpiration":86400,"releaseVersion":null,"modifiedProductIds":[]},"enabled":false},{"content":{"created":"2023-06-23T17:43:01.000+00:00","updated":"2023-06-23T17:43:01.000+00:00","id":"20223","type":"file","label":"ansible-automation-platform-2.4-for-rhel-9-ppc64le-files","name":"Red Hat Ansible Automation Platform 2.4 for RHEL 9 ppc64le (Files)","vendor":"Red Hat","contentUrl":"/content/dist/layered/rhel9/ppc64le/ansible-automation-platform/2.4/files","requiredTags":"rhel-9-ppc64le","gpgUrl":"file:///etc/pki/rpm-gpg/RPM-GPG-KEY-redhat-release","arches":"ppc64le","uuid":"2c94bc2b8873294d0188e95a2c957f92","metadataExpiration":86400,"releaseVersion":null,"modifiedProductIds":[]},"enabled":false},{"content":{"created":"2023-06-23T17:43:01.000+00:00","updated":"2023-06-23T17:43:01.000+00:00","id":"20222","type":"yum","label":"ansible-automation-platform-2.4-for-rhel-9-ppc64le-debug-rpms","name":"Red Hat Ansible Automation Platform 2.4 for RHEL 9 ppc64le (Debug RPMs)","vendor":"Red Hat","contentUrl":"/content/dist/layered/rhel9/ppc64le/ansible-automation-platform/2.4/debug","requiredTags":"rhel-9-ppc64le","gpgUrl":"file:///etc/pki/rpm-gpg/RPM-GPG-KEY-redhat-release","arches":"ppc64le","uuid":"2c94bc2b8873294d0188e95a2c957f93","metadataExpiration":86400,"releaseVersion":null,"modifiedProductIds":[]},"enabled":false},{"content":{"created":"2023-06-23T17:43:01.000+00:00","updated":"2023-06-23T17:43:01.000+00:00","id":"20221","type":"yum","label":"ansible-automation-platform-2.4-for-rhel-9-ppc64le-source-rpms","name":"Red Hat Ansible Automation Platform 2.4 for RHEL 9 ppc64le (Source RPMs)","vendor":"Red Hat","contentUrl":"/content/dist/layered/rhel9/ppc64le/ansible-automation-platform/2.4/source/SRPMS","requiredTags":"rhel-9-ppc64le","gpgUrl":"file:///etc/pki/rpm-gpg/RPM-GPG-KEY-redhat-release","arches":"ppc64le","uuid":"2c94bc2b8873294d0188e95a2c957f94","metadataExpiration":86400,"releaseVersion":null,"modifiedProductIds":[]},"enabled":false},{"content":{"created":"2023-06-23T17:43:01.000+00:00","updated":"2023-06-23T17:43:01.000+00:00","id":"20220","type":"yum","label":"ansible-automation-platform-2.4-for-rhel-9-ppc64le-rpms","name":"Red Hat Ansible Automation Platform 2.4 for RHEL 9 ppc64le (RPMs)","vendor":"Red Hat","contentUrl":"/content/dist/layered/rhel9/ppc64le/ansible-automation-platform/2.4/os","requiredTags":"rhel-9-ppc64le","gpgUrl":"file:///etc/pki/rpm-gpg/RPM-GPG-KEY-redhat-release","arches":"ppc64le","uuid":"2c94bc2b8873294d0188e95a2c957f95","metadataExpiration":86400,"releaseVersion":null,"modifiedProductIds":[]},"enabled":false},{"content":{"created":"2020-11-17T19:59:18.000+00:00","updated":"2020-11-17T19:59:18.000+00:00","id":"10581","type":"yum","label":"automation-services-catalog-1-tech-preview-for-rhel-8-x86_64-rpms","name":"Red Hat Automation Services Catalog 1 Tech Preview for RHEL 8 x86_64 (RPMs)","vendor":"Red Hat","contentUrl":"/content/dist/layered/rhel8/x86_64/automation-services-catalog-tech-preview/1/os","requiredTags":"rhel-8-x86_64","gpgUrl":"file:///etc/pki/rpm-gpg/RPM-GPG-KEY-redhat-release","arches":null,"uuid":"8a85f99975d705980175d7ca444307b2","metadataExpiration":86400,"releaseVersion":null,"modifiedProductIds":[]},"enabled":false},{"content":{"created":"2020-11-17T19:59:18.000+00:00","updated":"2020-11-17T19:59:18.000+00:00","id":"10580","type":"yum","label":"rhel-7-server-automation-services-catalog-1-tech-preview-debug-rpms","name":"Red Hat Automation Services Catalog 1 Tech Preview for RHEL 7 (Debug RPMs)","vendor":"Red Hat","contentUrl":"/content/dist/rhel/server/7/7Server/$basearch/automation-services-catalog-tech-preview/1/debug","requiredTags":"rhel-7-server","gpgUrl":"file:///etc/pki/rpm-gpg/RPM-GPG-KEY-redhat-release","arches":null,"uuid":"8a85f99975d705980175d7ca444307b3","metadataExpiration":86400,"releaseVersion":null,"modifiedProductIds":[]},"enabled":false},{"content":{"created":"2023-06-23T17:43:01.000+00:00","updated":"2023-06-23T17:43:01.000+00:00","id":"20229","type":"yum","label":"ansible-automation-platform-2.4-for-rhel-9-s390x-source-rpms","name":"Red Hat Ansible Automation Platform 2.4 for RHEL 9 s390x (Source RPMs)","vendor":"Red Hat","contentUrl":"/content/dist/layered/rhel9/s390x/ansible-automation-platform/2.4/source/SRPMS","requiredTags":"rhel-9-s390x","gpgUrl":"file:///etc/pki/rpm-gpg/RPM-GPG-KEY-redhat-release","arches":"s390x","uuid":"2c94bc2b8873294d0188e95a2c957f96","metadataExpiration":86400,"releaseVersion":null,"modifiedProductIds":[]},"enabled":false},{"content":{"created":"2023-06-23T17:43:01.000+00:00","updated":"2023-06-23T17:43:01.000+00:00","id":"20228","type":"yum","label":"ansible-automation-platform-2.4-for-rhel-9-s390x-rpms","name":"Red Hat Ansible Automation Platform 2.4 for RHEL 9 s390x (RPMs)","vendor":"Red Hat","contentUrl":"/content/dist/layered/rhel9/s390x/ansible-automation-platform/2.4/os","requiredTags":"rhel-9-s390x","gpgUrl":"file:///etc/pki/rpm-gpg/RPM-GPG-KEY-redhat-release","arches":"s390x","uuid":"2c94bc2b8873294d0188e95a2c957f97","metadataExpiration":86400,"releaseVersion":null,"modifiedProductIds":[]},"enabled":false},{"content":{"created":"2023-06-23T17:43:01.000+00:00","updated":"2023-06-23T17:43:01.000+00:00","id":"20227","type":"file","label":"ansible-automation-platform-2.4-for-rhel-8-s390x-files","name":"Red Hat Ansible Automation Platform 2.4 for RHEL 8 s390x (Files)","vendor":"Red Hat","contentUrl":"/content/dist/layered/rhel8/s390x/ansible-automation-platform/2.4/files","requiredTags":"rhel-8-s390x","gpgUrl":"file:///etc/pki/rpm-gpg/RPM-GPG-KEY-redhat-release","arches":"s390x","uuid":"2c94bc2b8873294d0188e95a2c957f98","metadataExpiration":86400,"releaseVersion":null,"modifiedProductIds":[]},"enabled":false},{"content":{"created":"2023-06-23T17:43:01.000+00:00","updated":"2023-06-23T17:43:01.000+00:00","id":"20226","type":"yum","label":"ansible-automation-platform-2.4-for-rhel-8-s390x-debug-rpms","name":"Red Hat Ansible Automation Platform 2.4 for RHEL 8 s390x (Debug RPMs)","vendor":"Red Hat","contentUrl":"/content/dist/layered/rhel8/s390x/ansible-automation-platform/2.4/debug","requiredTags":"rhel-8-s390x","gpgUrl":"file:///etc/pki/rpm-gpg/RPM-GPG-KEY-redhat-release","arches":"s390x","uuid":"2c94bc2b8873294d0188e95a2c957f99","metadataExpiration":86400,"releaseVersion":null,"modifiedProductIds":[]},"enabled":false},{"content":{"created":"2023-02-22T17:10:38.000+00:00","updated":"2023-06-20T20:37:03.000+00:00","id":"12803","type":"yum","label":"ansible-automation-platform-2.3-for-rhel-9-x86_64-debug-rpms","name":"Red Hat Ansible Automation Platform 2.3 for RHEL 9 x86_64 (Debug RPMs)","vendor":"Red Hat","contentUrl":"/content/dist/layered/rhel9/x86_64/ansible-automation-platform/2.3/debug","requiredTags":"rhel-9-x86_64","gpgUrl":"file:///etc/pki/rpm-gpg/RPM-GPG-KEY-redhat-release","arches":"x86_64","uuid":"2c94ed35887328c20188da866f06476b","metadataExpiration":86400,"releaseVersion":null,"modifiedProductIds":[]},"enabled":false},{"content":{"created":"2023-02-22T17:10:38.000+00:00","updated":"2023-06-20T20:37:03.000+00:00","id":"12804","type":"file","label":"ansible-automation-platform-2.3-for-rhel-9-x86_64-files","name":"Red Hat Ansible Automation Platform 2.3 for RHEL 9 x86_64 (Files)","vendor":"Red Hat","contentUrl":"/content/dist/layered/rhel9/x86_64/ansible-automation-platform/2.3/files","requiredTags":"rhel-9-x86_64","gpgUrl":"file:///etc/pki/rpm-gpg/RPM-GPG-KEY-redhat-release","arches":"x86_64","uuid":"2c94ed35887328c20188da866f06476c","metadataExpiration":86400,"releaseVersion":null,"modifiedProductIds":[]},"enabled":false},{"content":{"created":"2023-02-22T17:10:38.000+00:00","updated":"2023-06-20T20:37:03.000+00:00","id":"12801","type":"yum","label":"ansible-automation-platform-2.3-for-rhel-9-x86_64-rpms","name":"Red Hat Ansible Automation Platform 2.3 for RHEL 9 x86_64 (RPMs)","vendor":"Red Hat","contentUrl":"/content/dist/layered/rhel9/x86_64/ansible-automation-platform/2.3/os","requiredTags":"rhel-9-x86_64","gpgUrl":"file:///etc/pki/rpm-gpg/RPM-GPG-KEY-redhat-release","arches":"x86_64","uuid":"2c94ed35887328c20188da866f06476d","metadataExpiration":86400,"releaseVersion":null,"modifiedProductIds":[]},"enabled":false},{"content":{"created":"2023-02-22T17:10:38.000+00:00","updated":"2023-06-20T20:37:03.000+00:00","id":"12802","type":"yum","label":"ansible-automation-platform-2.3-for-rhel-9-x86_64-source-rpms","name":"Red Hat Ansible Automation Platform 2.3 for RHEL 9 x86_64 (Source RPMs)","vendor":"Red Hat","contentUrl":"/content/dist/layered/rhel9/x86_64/ansible-automation-platform/2.3/source/SRPMS","requiredTags":"rhel-9-x86_64","gpgUrl":"file:///etc/pki/rpm-gpg/RPM-GPG-KEY-redhat-release","arches":"x86_64","uuid":"2c94ed35887328c20188da866f06476e","metadataExpiration":86400,"releaseVersion":null,"modifiedProductIds":[]},"enabled":false},{"content":{"created":"2023-02-22T17:10:38.000+00:00","updated":"2023-06-20T20:37:03.000+00:00","id":"12409","type":"yum","label":"ansible-automation-platform-2.2-for-rhel-8-x86_64-rpms","name":"Red Hat Ansible Automation Platform 2.2 for RHEL 8 x86_64 (RPMs)","vendor":"Red Hat","contentUrl":"/content/dist/layered/rhel8/x86_64/ansible-automation-platform/2.2/os","requiredTags":"rhel-8-x86_64","gpgUrl":"file:///etc/pki/rpm-gpg/RPM-GPG-KEY-redhat-release","arches":"x86_64","uuid":"2c94ed35887328c20188da866f06476f","metadataExpiration":86400,"releaseVersion":null,"modifiedProductIds":[]},"enabled":false},{"content":{"created":"2020-11-17T19:59:18.000+00:00","updated":"2020-11-17T19:59:18.000+00:00","id":"10583","type":"yum","label":"automation-services-catalog-1-tech-preview-for-rhel-8-x86_64-debug-rpms","name":"Red Hat Automation Services Catalog 1 Tech Preview for RHEL 8 x86_64 (Debug RPMs)","vendor":"Red Hat","contentUrl":"/content/dist/layered/rhel8/x86_64/automation-services-catalog-tech-preview/1/debug","requiredTags":"rhel-8-x86_64","gpgUrl":"file:///etc/pki/rpm-gpg/RPM-GPG-KEY-redhat-release","arches":null,"uuid":"8a85f99975d705980175d7ca444307b4","metadataExpiration":86400,"releaseVersion":null,"modifiedProductIds":[]},"enabled":false},{"content":{"created":"2020-11-17T19:59:18.000+00:00","updated":"2020-11-17T19:59:18.000+00:00","id":"10582","type":"yum","label":"automation-services-catalog-1-tech-preview-for-rhel-8-x86_64-source-rpms","name":"Red Hat Automation Services Catalog 1 Tech Preview for RHEL 8 x86_64 (Source RPMs)","vendor":"Red Hat","contentUrl":"/content/dist/layered/rhel8/x86_64/automation-services-catalog-tech-preview/1/source/SRPMS","requiredTags":"rhel-8-x86_64","gpgUrl":"file:///etc/pki/rpm-gpg/RPM-GPG-KEY-redhat-release","arches":null,"uuid":"8a85f99975d705980175d7ca444307b5","metadataExpiration":86400,"releaseVersion":null,"modifiedProductIds":[]},"enabled":false},{"content":{"created":"2019-07-22T22:00:29.000+00:00","updated":"2019-07-22T22:00:29.000+00:00","id":"7529","type":"yum","label":"rhel-7-server-ansible-tower-3.3-rpms","name":"Ansible Tower 3.3 Text-Only Advisories","vendor":"Red Hat","contentUrl":"/content/dist/rhel/server/7/7Server/$basearch/ansible-tower/3.3/os","requiredTags":"rhel-7-server","gpgUrl":"file:///etc/pki/rpm-gpg/RPM-GPG-KEY-redhat-release","arches":"x86_64","uuid":"8a85f99c6c0f63ae016c1bb3462b5ee1","metadataExpiration":86400,"releaseVersion":null,"modifiedProductIds":[]},"enabled":false},{"content":{"created":"2023-02-22T17:10:38.000+00:00","updated":"2023-06-20T20:37:03.000+00:00","id":"12800","type":"file","label":"ansible-automation-platform-2.3-for-rhel-8-x86_64-files","name":"Red Hat Ansible Automation Platform 2.3 for RHEL 8 x86_64 (Files)","vendor":"Red Hat","contentUrl":"/content/dist/layered/rhel8/x86_64/ansible-automation-platform/2.3/files","requiredTags":"rhel-8-x86_64","gpgUrl":"file:///etc/pki/rpm-gpg/RPM-GPG-KEY-redhat-release","arches":"x86_64","uuid":"2c94ed35887328c20188da866f064770","metadataExpiration":86400,"releaseVersion":null,"modifiedProductIds":[]},"enabled":false},{"content":{"created":"2023-06-23T17:43:01.000+00:00","updated":"2023-06-23T17:43:01.000+00:00","id":"20236","type":"yum","label":"ansible-automation-platform-2.4-for-rhel-9-x86_64-rpms","name":"Red Hat Ansible Automation Platform 2.4 for RHEL 9 x86_64 (RPMs)","vendor":"Red Hat","contentUrl":"/content/dist/layered/rhel9/x86_64/ansible-automation-platform/2.4/os","requiredTags":"rhel-9-x86_64","gpgUrl":"file:///etc/pki/rpm-gpg/RPM-GPG-KEY-redhat-release","arches":"x86_64","uuid":"2c94bc2b8873294d0188e95a2c957f9a","metadataExpiration":86400,"releaseVersion":null,"modifiedProductIds":[]},"enabled":false},{"content":{"created":"2023-06-23T17:43:01.000+00:00","updated":"2023-06-23T17:43:01.000+00:00","id":"20235","type":"file","label":"ansible-automation-platform-2.4-for-rhel-8-x86_64-files","name":"Red Hat Ansible Automation Platform 2.4 for RHEL 8 x86_64 (Files)","vendor":"Red Hat","contentUrl":"/content/dist/layered/rhel8/x86_64/ansible-automation-platform/2.4/files","requiredTags":"rhel-8-x86_64","gpgUrl":"file:///etc/pki/rpm-gpg/RPM-GPG-KEY-redhat-release","arches":"x86_64","uuid":"2c94bc2b8873294d0188e95a2c957f9b","metadataExpiration":86400,"releaseVersion":null,"modifiedProductIds":[]},"enabled":false},{"content":{"created":"2023-06-23T17:43:01.000+00:00","updated":"2023-06-23T17:43:01.000+00:00","id":"20234","type":"yum","label":"ansible-automation-platform-2.4-for-rhel-8-x86_64-debug-rpms","name":"Red Hat Ansible Automation Platform 2.4 for RHEL 8 x86_64 (Debug RPMs)","vendor":"Red Hat","contentUrl":"/content/dist/layered/rhel8/x86_64/ansible-automation-platform/2.4/debug","requiredTags":"rhel-8-x86_64","gpgUrl":"file:///etc/pki/rpm-gpg/RPM-GPG-KEY-redhat-release","arches":"x86_64","uuid":"2c94bc2b8873294d0188e95a2c957f9c","metadataExpiration":86400,"releaseVersion":null,"modifiedProductIds":[]},"enabled":false},{"content":{"created":"2023-06-23T17:43:01.000+00:00","updated":"2023-06-23T17:43:01.000+00:00","id":"20233","type":"yum","label":"ansible-automation-platform-2.4-for-rhel-8-x86_64-source-rpms","name":"Red Hat Ansible Automation Platform 2.4 for RHEL 8 x86_64 (Source RPMs)","vendor":"Red Hat","contentUrl":"/content/dist/layered/rhel8/x86_64/ansible-automation-platform/2.4/source/SRPMS","requiredTags":"rhel-8-x86_64","gpgUrl":"file:///etc/pki/rpm-gpg/RPM-GPG-KEY-redhat-release","arches":"x86_64","uuid":"2c94bc2b8873294d0188e95a2c957f9d","metadataExpiration":86400,"releaseVersion":null,"modifiedProductIds":[]},"enabled":false},{"content":{"created":"2019-11-12T15:10:50.000+00:00","updated":"2019-11-12T15:10:50.000+00:00","id":"9403","type":"yum","label":"rhel-7-server-ansible-tower-3.6-rpms","name":"Ansible Tower 3.6 Text-Only Advisories","vendor":"Red Hat","contentUrl":"/content/dist/rhel/server/7/7Server/$basearch/ansible-tower/3.6/os","requiredTags":"rhel-7-server","gpgUrl":"file:///etc/pki/rpm-gpg/RPM-GPG-KEY-redhat-release","arches":"x86_64","uuid":"8a85f9996e416cb9016e602ad4a70614","metadataExpiration":86400,"releaseVersion":null,"modifiedProductIds":[]},"enabled":false},{"content":{"created":"2023-06-23T17:43:01.000+00:00","updated":"2023-06-23T17:43:01.000+00:00","id":"20232","type":"yum","label":"ansible-automation-platform-2.4-for-rhel-8-x86_64-rpms","name":"Red Hat Ansible Automation Platform 2.4 for RHEL 8 x86_64 (RPMs)","vendor":"Red Hat","contentUrl":"/content/dist/layered/rhel8/x86_64/ansible-automation-platform/2.4/os","requiredTags":"rhel-8-x86_64","gpgUrl":"file:///etc/pki/rpm-gpg/RPM-GPG-KEY-redhat-release","arches":"x86_64","uuid":"2c94bc2b8873294d0188e95a2c957f9e","metadataExpiration":86400,"releaseVersion":null,"modifiedProductIds":[]},"enabled":false},{"content":{"created":"2023-06-23T17:43:01.000+00:00","updated":"2023-06-23T17:43:01.000+00:00","id":"20231","type":"file","label":"ansible-automation-platform-2.4-for-rhel-9-s390x-files","name":"Red Hat Ansible Automation Platform 2.4 for RHEL 9 s390x (Files)","vendor":"Red Hat","contentUrl":"/content/dist/layered/rhel9/s390x/ansible-automation-platform/2.4/files","requiredTags":"rhel-9-s390x","gpgUrl":"file:///etc/pki/rpm-gpg/RPM-GPG-KEY-redhat-release","arches":"s390x","uuid":"2c94bc2b8873294d0188e95a2c957f9f","metadataExpiration":86400,"releaseVersion":null,"modifiedProductIds":[]},"enabled":false},{"content":{"created":"2023-06-23T17:43:01.000+00:00","updated":"2023-06-23T17:43:01.000+00:00","id":"20230","type":"yum","label":"ansible-automation-platform-2.4-for-rhel-9-s390x-debug-rpms","name":"Red Hat Ansible Automation Platform 2.4 for RHEL 9 s390x (Debug RPMs)","vendor":"Red Hat","contentUrl":"/content/dist/layered/rhel9/s390x/ansible-automation-platform/2.4/debug","requiredTags":"rhel-9-s390x","gpgUrl":"file:///etc/pki/rpm-gpg/RPM-GPG-KEY-redhat-release","arches":"s390x","uuid":"2c94bc2b8873294d0188e95a2c957fa0","metadataExpiration":86400,"releaseVersion":null,"modifiedProductIds":[]},"enabled":false},{"content":{"created":"2019-07-22T22:00:29.000+00:00","updated":"2019-07-22T22:00:29.000+00:00","id":"7501","type":"containerimage","label":"rhel-7-server-ansible-tower-3.3-multiarch-containers","name":"Red Hat Ansible Tower 3.3 (Containers) Multiarch","vendor":"Red Hat","contentUrl":"/content/dist/rhel/server/7/7Server/multiarch/ansible-tower/3.3/containers","requiredTags":"rhel-7-server","gpgUrl":"file:///etc/pki/rpm-gpg/RPM-GPG-KEY-redhat-release","arches":null,"uuid":"8a85f99c6c0f63ae016c1bb3462b5ee0","metadataExpiration":86400,"releaseVersion":null,"modifiedProductIds":[]},"enabled":false},{"content":{"created":"2019-11-12T15:10:50.000+00:00","updated":"2019-11-12T15:10:50.000+00:00","id":"9402","type":"containerimage","label":"rhel-7-server-ansible-tower-3.6-multiarch-containers","name":"Red Hat Ansible Tower 3.6 (Containers) Multiarch","vendor":"Red Hat","contentUrl":"/content/dist/rhel/server/7/7Server/multiarch/ansible-tower/3.6/containers","requiredTags":"rhel-7-server","gpgUrl":"file:///etc/pki/rpm-gpg/RPM-GPG-KEY-redhat-release","arches":null,"uuid":"8a85f9996e416cb9016e602ad4a80615","metadataExpiration":86400,"releaseVersion":null,"modifiedProductIds":[]},"enabled":false},{"content":{"created":"2023-06-23T17:43:01.000+00:00","updated":"2023-06-23T17:43:01.000+00:00","id":"20239","type":"file","label":"ansible-automation-platform-2.4-for-rhel-9-x86_64-files","name":"Red Hat Ansible Automation Platform 2.4 for RHEL 9 x86_64 (Files)","vendor":"Red Hat","contentUrl":"/content/dist/layered/rhel9/x86_64/ansible-automation-platform/2.4/files","requiredTags":"rhel-9-x86_64","gpgUrl":"file:///etc/pki/rpm-gpg/RPM-GPG-KEY-redhat-release","arches":"x86_64","uuid":"2c94bc2b8873294d0188e95a2c957fa1","metadataExpiration":86400,"releaseVersion":null,"modifiedProductIds":[]},"enabled":false},{"content":{"created":"2023-06-23T17:43:01.000+00:00","updated":"2023-06-23T17:43:01.000+00:00","id":"20238","type":"yum","label":"ansible-automation-platform-2.4-for-rhel-9-x86_64-debug-rpms","name":"Red Hat Ansible Automation Platform 2.4 for RHEL 9 x86_64 (Debug RPMs)","vendor":"Red Hat","contentUrl":"/content/dist/layered/rhel9/x86_64/ansible-automation-platform/2.4/debug","requiredTags":"rhel-9-x86_64","gpgUrl":"file:///etc/pki/rpm-gpg/RPM-GPG-KEY-redhat-release","arches":"x86_64","uuid":"2c94bc2b8873294d0188e95a2c957fa2","metadataExpiration":86400,"releaseVersion":null,"modifiedProductIds":[]},"enabled":false},{"content":{"created":"2023-06-23T17:43:01.000+00:00","updated":"2023-06-23T17:43:01.000+00:00","id":"20237","type":"yum","label":"ansible-automation-platform-2.4-for-rhel-9-x86_64-source-rpms","name":"Red Hat Ansible Automation Platform 2.4 for RHEL 9 x86_64 (Source RPMs)","vendor":"Red Hat","contentUrl":"/content/dist/layered/rhel9/x86_64/ansible-automation-platform/2.4/source/SRPMS","requiredTags":"rhel-9-x86_64","gpgUrl":"file:///etc/pki/rpm-gpg/RPM-GPG-KEY-redhat-release","arches":"x86_64","uuid":"2c94bc2b8873294d0188e95a2c957fa3","metadataExpiration":86400,"releaseVersion":null,"modifiedProductIds":[]},"enabled":false},{"content":{"created":"2023-02-22T17:10:38.000+00:00","updated":"2023-06-20T20:37:03.000+00:00","id":"11845","type":"yum","label":"ansible-automation-platform-2.1-for-rhel-8-x86_64-source-rpms","name":"Red Hat Ansible Automation Platform 2.1 for RHEL 8 x86_64 (Source RPMs)","vendor":"Red Hat","contentUrl":"/content/dist/layered/rhel8/x86_64/ansible-automation-platform/2.1/source/SRPMS","requiredTags":"rhel-8-x86_64","gpgUrl":"file:///etc/pki/rpm-gpg/RPM-GPG-KEY-redhat-release","arches":"x86_64","uuid":"2c94ed35887328c20188da866f064771","metadataExpiration":86400,"releaseVersion":null,"modifiedProductIds":[]},"enabled":false},{"content":{"created":"2023-02-22T17:10:38.000+00:00","updated":"2023-06-20T20:37:03.000+00:00","id":"11844","type":"yum","label":"ansible-automation-platform-2.1-for-rhel-8-x86_64-rpms","name":"Red Hat Ansible Automation Platform 2.1 for RHEL 8 x86_64 (RPMs)","vendor":"Red Hat","contentUrl":"/content/dist/layered/rhel8/x86_64/ansible-automation-platform/2.1/os","requiredTags":"rhel-8-x86_64","gpgUrl":"file:///etc/pki/rpm-gpg/RPM-GPG-KEY-redhat-release","arches":"x86_64","uuid":"2c94ed35887328c20188da866f064772","metadataExpiration":86400,"releaseVersion":null,"modifiedProductIds":[]},"enabled":false},{"content":{"created":"2023-02-22T17:10:38.000+00:00","updated":"2023-06-20T20:37:03.000+00:00","id":"12416","type":"file","label":"ansible-automation-platform-2.2-for-rhel-9-x86_64-files","name":"Red Hat Ansible Automation Platform 2.2 for RHEL 9 x86_64 (Files)","vendor":"Red Hat","contentUrl":"/content/dist/layered/rhel9/x86_64/ansible-automation-platform/2.2/files","requiredTags":"rhel-9-x86_64","gpgUrl":"file:///etc/pki/rpm-gpg/RPM-GPG-KEY-redhat-release","arches":"x86_64","uuid":"2c94ed35887328c20188da866f064773","metadataExpiration":86400,"releaseVersion":null,"modifiedProductIds":[]},"enabled":false},{"content":{"created":"2023-02-22T17:10:38.000+00:00","updated":"2023-06-20T20:37:03.000+00:00","id":"11847","type":"file","label":"ansible-automation-platform-2.1-for-rhel-8-x86_64-files","name":"Red Hat Ansible Automation Platform 2.1 for RHEL 8 x86_64 (Files)","vendor":"Red Hat","contentUrl":"/content/dist/layered/rhel8/x86_64/ansible-automation-platform/2.1/files","requiredTags":"rhel-8-x86_64","gpgUrl":"file:///etc/pki/rpm-gpg/RPM-GPG-KEY-redhat-release","arches":"x86_64","uuid":"2c94ed35887328c20188da866f064774","metadataExpiration":86400,"releaseVersion":null,"modifiedProductIds":[]},"enabled":false},{"content":{"created":"2023-02-22T17:10:38.000+00:00","updated":"2023-06-20T20:37:03.000+00:00","id":"11846","type":"yum","label":"ansible-automation-platform-2.1-for-rhel-8-x86_64-debug-rpms","name":"Red Hat Ansible Automation Platform 2.1 for RHEL 8 x86_64 (Debug RPMs)","vendor":"Red Hat","contentUrl":"/content/dist/layered/rhel8/x86_64/ansible-automation-platform/2.1/debug","requiredTags":"rhel-8-x86_64","gpgUrl":"file:///etc/pki/rpm-gpg/RPM-GPG-KEY-redhat-release","arches":"x86_64","uuid":"2c94ed35887328c20188da866f064775","metadataExpiration":86400,"releaseVersion":null,"modifiedProductIds":[]},"enabled":false},{"content":{"created":"2023-02-22T17:10:38.000+00:00","updated":"2023-06-20T20:37:03.000+00:00","id":"10519","type":"yum","label":"rhel-7-server-ansible-automation-platform-1.2-textonly-rpms","name":"Red Hat Ansible Automation Platform 1.2 Text-Only Advisories for Red Hat Enterprise Linux 7 Server","vendor":"Red Hat","contentUrl":"/content/dist/rhel/server/7/7Server/$basearch/ansible-automation-platform-textonly/1.2/os","requiredTags":"rhel-7-server","gpgUrl":"file:///etc/pki/rpm-gpg/RPM-GPG-KEY-redhat-release","arches":"x86_64","uuid":"2c94ed35887328c20188da866f074776","metadataExpiration":86400,"releaseVersion":null,"modifiedProductIds":[]},"enabled":false},{"content":{"created":"2023-02-22T17:10:38.000+00:00","updated":"2023-06-20T20:37:03.000+00:00","id":"12410","type":"yum","label":"ansible-automation-platform-2.2-for-rhel-8-x86_64-source-rpms","name":"Red Hat Ansible Automation Platform 2.2 for RHEL 8 x86_64 (Source RPMs)","vendor":"Red Hat","contentUrl":"/content/dist/layered/rhel8/x86_64/ansible-automation-platform/2.2/source/SRPMS","requiredTags":"rhel-8-x86_64","gpgUrl":"file:///etc/pki/rpm-gpg/RPM-GPG-KEY-redhat-release","arches":"x86_64","uuid":"2c94ed35887328c20188da866f074777","metadataExpiration":86400,"releaseVersion":null,"modifiedProductIds":[]},"enabled":false},{"content":{"created":"2023-02-22T17:10:38.000+00:00","updated":"2023-06-20T20:37:03.000+00:00","id":"12411","type":"yum","label":"ansible-automation-platform-2.2-for-rhel-8-x86_64-debug-rpms","name":"Red Hat Ansible Automation Platform 2.2 for RHEL 8 x86_64 (Debug RPMs)","vendor":"Red Hat","contentUrl":"/content/dist/layered/rhel8/x86_64/ansible-automation-platform/2.2/debug","requiredTags":"rhel-8-x86_64","gpgUrl":"file:///etc/pki/rpm-gpg/RPM-GPG-KEY-redhat-release","arches":"x86_64","uuid":"2c94ed35887328c20188da866f074778","metadataExpiration":86400,"releaseVersion":null,"modifiedProductIds":[]},"enabled":false},{"content":{"created":"2023-02-22T17:10:38.000+00:00","updated":"2023-06-20T20:37:03.000+00:00","id":"12414","type":"yum","label":"ansible-automation-platform-2.2-for-rhel-9-x86_64-source-rpms","name":"Red Hat Ansible Automation Platform 2.2 for RHEL 9 x86_64 (Source RPMs)","vendor":"Red Hat","contentUrl":"/content/dist/layered/rhel9/x86_64/ansible-automation-platform/2.2/source/SRPMS","requiredTags":"rhel-9-x86_64","gpgUrl":"file:///etc/pki/rpm-gpg/RPM-GPG-KEY-redhat-release","arches":"x86_64","uuid":"2c94ed35887328c20188da866f074779","metadataExpiration":86400,"releaseVersion":null,"modifiedProductIds":[]},"enabled":false},{"content":{"created":"2023-02-22T17:10:38.000+00:00","updated":"2023-06-20T20:37:03.000+00:00","id":"12415","type":"yum","label":"ansible-automation-platform-2.2-for-rhel-9-x86_64-debug-rpms","name":"Red Hat Ansible Automation Platform 2.2 for RHEL 9 x86_64 (Debug RPMs)","vendor":"Red Hat","contentUrl":"/content/dist/layered/rhel9/x86_64/ansible-automation-platform/2.2/debug","requiredTags":"rhel-9-x86_64","gpgUrl":"file:///etc/pki/rpm-gpg/RPM-GPG-KEY-redhat-release","arches":"x86_64","uuid":"2c94ed35887328c20188da866f07477a","metadataExpiration":86400,"releaseVersion":null,"modifiedProductIds":[]},"enabled":false},{"content":{"created":"2023-02-22T17:10:38.000+00:00","updated":"2023-06-20T20:37:03.000+00:00","id":"12412","type":"file","label":"ansible-automation-platform-2.2-for-rhel-8-x86_64-files","name":"Red Hat Ansible Automation Platform 2.2 for RHEL 8 x86_64 (Files)","vendor":"Red Hat","contentUrl":"/content/dist/layered/rhel8/x86_64/ansible-automation-platform/2.2/files","requiredTags":"rhel-8-x86_64","gpgUrl":"file:///etc/pki/rpm-gpg/RPM-GPG-KEY-redhat-release","arches":"x86_64","uuid":"2c94ed35887328c20188da866f07477b","metadataExpiration":86400,"releaseVersion":null,"modifiedProductIds":[]},"enabled":false},{"content":{"created":"2023-02-22T17:10:38.000+00:00","updated":"2023-06-20T20:37:03.000+00:00","id":"12413","type":"yum","label":"ansible-automation-platform-2.2-for-rhel-9-x86_64-rpms","name":"Red Hat Ansible Automation Platform 2.2 for RHEL 9 x86_64 (RPMs)","vendor":"Red Hat","contentUrl":"/content/dist/layered/rhel9/x86_64/ansible-automation-platform/2.2/os","requiredTags":"rhel-9-x86_64","gpgUrl":"file:///etc/pki/rpm-gpg/RPM-GPG-KEY-redhat-release","arches":"x86_64","uuid":"2c94ed35887328c20188da866f07477c","metadataExpiration":86400,"releaseVersion":null,"modifiedProductIds":[]},"enabled":false},{"content":{"created":"2019-07-22T22:00:29.000+00:00","updated":"2019-07-22T22:00:29.000+00:00","id":"8248","type":"containerimage","label":"rhel-7-server-ansible-tower-3.4-multiarch-containers","name":"Red Hat Ansible Tower 3.4 (Containers) Multiarch","vendor":"Red Hat","contentUrl":"/content/dist/rhel/server/7/7Server/multiarch/ansible-tower/3.4/containers","requiredTags":"rhel-7-server","gpgUrl":"file:///etc/pki/rpm-gpg/RPM-GPG-KEY-redhat-release","arches":null,"uuid":"8a85f99c6c0f63ae016c1bb3462b5ee2","metadataExpiration":86400,"releaseVersion":null,"modifiedProductIds":[]},"enabled":false},{"content":{"created":"2019-12-19T22:09:04.000+00:00","updated":"2019-12-19T22:09:04.000+00:00","id":"9535","type":"file","label":"rhel-7-server-ansible-tower-3.6-files","name":"Ansible Tower 3.6 Files","vendor":"Red Hat","contentUrl":"/content/dist/rhel/server/7/7Server/$basearch/ansible-tower/3.6/files","requiredTags":"rhel-7-server","gpgUrl":"file:///etc/pki/rpm-gpg/RPM-GPG-KEY-redhat-release","arches":null,"uuid":"8a85f98d6f152028016f20350b277fc9","metadataExpiration":86400,"releaseVersion":null,"modifiedProductIds":[]},"enabled":false},{"content":{"created":"2019-07-22T22:00:29.000+00:00","updated":"2019-07-22T22:00:29.000+00:00","id":"8249","type":"yum","label":"rhel-7-server-ansible-tower-3.4-rpms","name":"Ansible Tower 3.4 Text-Only Advisories","vendor":"Red Hat","contentUrl":"/content/dist/rhel/server/7/7Server/$basearch/ansible-tower/3.4/os","requiredTags":"rhel-7-server","gpgUrl":"file:///etc/pki/rpm-gpg/RPM-GPG-KEY-redhat-release","arches":"x86_64","uuid":"8a85f99c6c0f63ae016c1bb3462b5ee3","metadataExpiration":86400,"releaseVersion":null,"modifiedProductIds":[]},"enabled":false},{"content":{"created":"2020-08-20T18:19:13.000+00:00","updated":"2023-11-24T11:31:59.000+00:00","id":"10361","type":"yum","label":"rhel-7-server-automation-services-catalog-1-beta-rpms","name":"Red Hat Automation Services Catalog 1 Beta for RHEL 7 (RPMs)","vendor":"Red Hat","contentUrl":"/content/beta/rhel/server/7/$basearch/automation-services-catalog/1/os","requiredTags":"rhel-7-server","gpgUrl":"file:///etc/pki/rpm-gpg/RPM-GPG-KEY-redhat-release","arches":"x86_64","uuid":"2c94dfc48bd4a8f6018c0119d5167050","metadataExpiration":86400,"releaseVersion":null,"modifiedProductIds":[]},"enabled":false},{"content":{"created":"2023-06-23T17:43:01.000+00:00","updated":"2023-06-23T17:43:01.000+00:00","id":"20209","type":"yum","label":"ansible-automation-platform-2.4-for-rhel-8-aarch64-source-rpms","name":"Red Hat Ansible Automation Platform 2.4 for RHEL 8 aarch64 (Source RPMs)","vendor":"Red Hat","contentUrl":"/content/dist/layered/rhel8/aarch64/ansible-automation-platform/2.4/source/SRPMS","requiredTags":"rhel-8-aarch64","gpgUrl":"file:///etc/pki/rpm-gpg/RPM-GPG-KEY-redhat-release","arches":"aarch64","uuid":"2c94bc2b8873294d0188e95a2c957fa4","metadataExpiration":86400,"releaseVersion":null,"modifiedProductIds":[]},"enabled":false},{"content":{"created":"2023-06-23T17:43:01.000+00:00","updated":"2023-06-23T17:43:01.000+00:00","id":"20208","type":"yum","label":"ansible-automation-platform-2.4-for-rhel-8-aarch64-rpms","name":"Red Hat Ansible Automation Platform 2.4 for RHEL 8 aarch64 (RPMs)","vendor":"Red Hat","contentUrl":"/content/dist/layered/rhel8/aarch64/ansible-automation-platform/2.4/os","requiredTags":"rhel-8-aarch64","gpgUrl":"file:///etc/pki/rpm-gpg/RPM-GPG-KEY-redhat-release","arches":"aarch64","uuid":"2c94bc2b8873294d0188e95a2c957fa5","metadataExpiration":86400,"releaseVersion":null,"modifiedProductIds":[]},"enabled":false},{"content":{"created":"2020-05-18T14:01:33.000+00:00","updated":"2020-05-18T14:01:33.000+00:00","id":"10008","type":"yum","label":"rhel-7-server-ansible-tower-3.7-rpms","name":"Ansible Tower 3.7 Text-Only Advisories","vendor":"Red Hat","contentUrl":"/content/dist/rhel/server/7/7Server/$basearch/ansible-tower/3.7/os","requiredTags":"rhel-7-server","gpgUrl":"file:///etc/pki/rpm-gpg/RPM-GPG-KEY-redhat-release","arches":"x86_64","uuid":"8a85f99371efe84601722816f7af4488","metadataExpiration":86400,"releaseVersion":null,"modifiedProductIds":[]},"enabled":false},{"content":{"created":"2020-05-18T14:01:33.000+00:00","updated":"2020-05-18T14:01:33.000+00:00","id":"10009","type":"file","label":"rhel-7-server-ansible-tower-3.7-files","name":"Ansible Tower 3.7 Files","vendor":"Red Hat","contentUrl":"/content/dist/rhel/server/7/7Server/$basearch/ansible-tower/3.7/files","requiredTags":"rhel-7-server","gpgUrl":"file:///etc/pki/rpm-gpg/RPM-GPG-KEY-redhat-release","arches":null,"uuid":"8a85f99371efe84601722816f7af4489","metadataExpiration":86400,"releaseVersion":null,"modifiedProductIds":[]},"enabled":false},{"content":{"created":"2020-08-20T18:19:13.000+00:00","updated":"2023-11-24T11:31:59.000+00:00","id":"10363","type":"yum","label":"rhel-7-server-automation-services-catalog-1-beta-debug-rpms","name":"Red Hat Automation Services Catalog 1 Beta for RHEL 7 (Debug RPMs)","vendor":"Red Hat","contentUrl":"/content/beta/rhel/server/7/$basearch/automation-services-catalog/1/debug","requiredTags":"rhel-7-server","gpgUrl":"file:///etc/pki/rpm-gpg/RPM-GPG-KEY-redhat-release","arches":"x86_64","uuid":"2c94dfc48bd4a8f6018c0119d5167051","metadataExpiration":86400,"releaseVersion":null,"modifiedProductIds":[]},"enabled":false},{"content":{"created":"2020-08-20T18:19:13.000+00:00","updated":"2023-11-24T11:31:59.000+00:00","id":"10362","type":"yum","label":"rhel-7-server-automation-services-catalog-1-beta-source-rpms","name":"Red Hat Automation Services Catalog 1 Beta for RHEL 7 (Source RPMs)","vendor":"Red Hat","contentUrl":"/content/beta/rhel/server/7/$basearch/automation-services-catalog/1/source/SRPMS","requiredTags":"rhel-7-server","gpgUrl":"file:///etc/pki/rpm-gpg/RPM-GPG-KEY-redhat-release","arches":"x86_64","uuid":"2c94dfc48bd4a8f6018c0119d5167052","metadataExpiration":86400,"releaseVersion":null,"modifiedProductIds":[]},"enabled":false},{"content":{"created":"2020-08-20T18:19:13.000+00:00","updated":"2023-11-24T11:31:59.000+00:00","id":"10365","type":"yum","label":"rhel-7-server-automation-hub-4-beta-source-rpms","name":"Red Hat Automation Hub 4 Beta for RHEL 7 (Source RPMs)","vendor":"Red Hat","contentUrl":"/content/beta/rhel/server/7/$basearch/automation-hub/4/source/SRPMS","requiredTags":"rhel-7-server","gpgUrl":"file:///etc/pki/rpm-gpg/RPM-GPG-KEY-redhat-release","arches":"x86_64","uuid":"2c94dfc48bd4a8f6018c0119d5167053","metadataExpiration":86400,"releaseVersion":null,"modifiedProductIds":[]},"enabled":false},{"content":{"created":"2023-02-22T17:10:38.000+00:00","updated":"2023-06-20T20:37:03.000+00:00","id":"11773","type":"yum","label":"ansible-automation-platform-2.0-early-access-for-rhel-8-x86_64-rpms","name":"Red Hat Ansible Automation Platform 2.0 Early Access for RHEL 8 x86_64 (RPMs)","vendor":"Red Hat","contentUrl":"/content/dist/layered/rhel8/x86_64/ansible-automation-platform/2.0/os","requiredTags":"rhel-8-x86_64","gpgUrl":"file:///etc/pki/rpm-gpg/RPM-GPG-KEY-redhat-release","arches":"x86_64","uuid":"2c94ed35887328c20188da866f07477d","metadataExpiration":86400,"releaseVersion":null,"modifiedProductIds":[]},"enabled":false},{"content":{"created":"2020-08-20T18:19:13.000+00:00","updated":"2023-11-24T11:31:59.000+00:00","id":"10364","type":"yum","label":"rhel-7-server-automation-hub-4-beta-rpms","name":"Red Hat Automation Hub 4 Beta for RHEL 7 (RPMs)","vendor":"Red Hat","contentUrl":"/content/beta/rhel/server/7/$basearch/automation-hub/4/os","requiredTags":"rhel-7-server","gpgUrl":"file:///etc/pki/rpm-gpg/RPM-GPG-KEY-redhat-release","arches":"x86_64","uuid":"2c94dfc48bd4a8f6018c0119d5167054","metadataExpiration":86400,"releaseVersion":null,"modifiedProductIds":[]},"enabled":false},{"content":{"created":"2020-08-20T18:19:13.000+00:00","updated":"2023-11-24T11:31:59.000+00:00","id":"10367","type":"yum","label":"automation-services-catalog-1-beta-for-rhel-8-x86_64-rpms","name":"Red Hat Automation Services Catalog 1 Beta for RHEL 8 x86_64 (RPMs)","vendor":"Red Hat","contentUrl":"/content/beta/layered/rhel8/x86_64/automation-services-catalog/1/os","requiredTags":"rhel-8-x86_64","gpgUrl":"file:///etc/pki/rpm-gpg/RPM-GPG-KEY-redhat-release","arches":"x86_64","uuid":"2c94dfc48bd4a8f6018c0119d5167055","metadataExpiration":86400,"releaseVersion":null,"modifiedProductIds":[]},"enabled":false},{"content":{"created":"2023-02-22T17:10:38.000+00:00","updated":"2023-06-20T20:37:03.000+00:00","id":"11775","type":"yum","label":"ansible-automation-platform-2.0-early-access-for-rhel-8-x86_64-debug-rpms","name":"Red Hat Ansible Automation Platform 2.0 Early Access for RHEL 8 x86_64 (Debug RPMs)","vendor":"Red Hat","contentUrl":"/content/dist/layered/rhel8/x86_64/ansible-automation-platform/2.0/debug","requiredTags":"rhel-8-x86_64","gpgUrl":"file:///etc/pki/rpm-gpg/RPM-GPG-KEY-redhat-release","arches":"x86_64","uuid":"2c94ed35887328c20188da866f07477e","metadataExpiration":86400,"releaseVersion":null,"modifiedProductIds":[]},"enabled":false},{"content":{"created":"2020-08-20T18:19:13.000+00:00","updated":"2023-11-24T11:31:59.000+00:00","id":"10366","type":"yum","label":"rhel-7-server-automation-hub-4-beta-debug-rpms","name":"Red Hat Automation Hub 4 Beta for RHEL 7 (Debug RPMs)","vendor":"Red Hat","contentUrl":"/content/beta/rhel/server/7/$basearch/automation-hub/4/debug","requiredTags":"rhel-7-server","gpgUrl":"file:///etc/pki/rpm-gpg/RPM-GPG-KEY-redhat-release","arches":"x86_64","uuid":"2c94dfc48bd4a8f6018c0119d5167056","metadataExpiration":86400,"releaseVersion":null,"modifiedProductIds":[]},"enabled":false},{"content":{"created":"2023-02-22T17:10:38.000+00:00","updated":"2023-06-20T20:37:03.000+00:00","id":"11774","type":"yum","label":"ansible-automation-platform-2.0-early-access-for-rhel-8-x86_64-source-rpms","name":"Red Hat Ansible Automation Platform 2.0 Early Access for RHEL 8 x86_64 (Source RPMs)","vendor":"Red Hat","contentUrl":"/content/dist/layered/rhel8/x86_64/ansible-automation-platform/2.0/source/SRPMS","requiredTags":"rhel-8-x86_64","gpgUrl":"file:///etc/pki/rpm-gpg/RPM-GPG-KEY-redhat-release","arches":"x86_64","uuid":"2c94ed35887328c20188da866f07477f","metadataExpiration":86400,"releaseVersion":null,"modifiedProductIds":[]},"enabled":false},{"content":{"created":"2020-08-20T18:19:13.000+00:00","updated":"2023-11-24T11:31:59.000+00:00","id":"10369","type":"yum","label":"automation-services-catalog-1-beta-for-rhel-8-x86_64-debug-rpms","name":"Red Hat Automation Services Catalog 1 Beta for RHEL 8 x86_64 (Debug RPMs)","vendor":"Red Hat","contentUrl":"/content/beta/layered/rhel8/x86_64/automation-services-catalog/1/debug","requiredTags":"rhel-8-x86_64","gpgUrl":"file:///etc/pki/rpm-gpg/RPM-GPG-KEY-redhat-release","arches":"x86_64","uuid":"2c94dfc48bd4a8f6018c0119d5167057","metadataExpiration":86400,"releaseVersion":null,"modifiedProductIds":[]},"enabled":false},{"content":{"created":"2020-08-20T18:19:13.000+00:00","updated":"2023-11-24T11:31:59.000+00:00","id":"10368","type":"yum","label":"automation-services-catalog-1-beta-for-rhel-8-x86_64-source-rpms","name":"Red Hat Automation Services Catalog 1 Beta for RHEL 8 x86_64 (Source RPMs)","vendor":"Red Hat","contentUrl":"/content/beta/layered/rhel8/x86_64/automation-services-catalog/1/source/SRPMS","requiredTags":"rhel-8-x86_64","gpgUrl":"file:///etc/pki/rpm-gpg/RPM-GPG-KEY-redhat-release","arches":"x86_64","uuid":"2c94dfc48bd4a8f6018c0119d5167058","metadataExpiration":86400,"releaseVersion":null,"modifiedProductIds":[]},"enabled":false},{"content":{"created":"2023-02-22T17:10:38.000+00:00","updated":"2023-06-20T20:37:03.000+00:00","id":"11776","type":"file","label":"ansible-automation-platform-2.0-early-access-for-rhel-8-x86_64-files","name":"Red Hat Ansible Automation Platform 2.0 Early Access for RHEL 8 x86_64 (Files)","vendor":"Red Hat","contentUrl":"/content/dist/layered/rhel8/x86_64/ansible-automation-platform/2.0/files","requiredTags":"rhel-8-x86_64","gpgUrl":"file:///etc/pki/rpm-gpg/RPM-GPG-KEY-redhat-release","arches":"x86_64","uuid":"2c94ed35887328c20188da866f074780","metadataExpiration":86400,"releaseVersion":null,"modifiedProductIds":[]},"enabled":false}],"dependentProductIds":[]}